"","Tree_ID","transect_point","canopy_1","canopy_2","canopy_3","canopy_4","ground_cover_L (%)","ground_cover_R (%)","leaf_layer","stems>1cm","Stem>0,5m","stems>8cm","wedge_prism","debris","surveyor","basal_area","can_minus_10","can_minus_5","can_0","can_plus_5","can_plus_10","total_avg_can_cov","avg_herb_cover(%)","avg_leaf_layer","stem_less_8cm","stem_more_8cm","notes"
"1","M1","minus_10","1","4","27","7","1","1","4","NA","NA","NA","6","8","GP†and JBB",60,10.14,14.82,6.5,32.5,"51.480000000000004",23.088,5.6,3.8,22,8,"NA"
"2","M1","10to5","NA","NA","NA","NA","NA","NA","NA","NA","13","1","NA","NA","NA",NA,NA,NA,NA,NA,NA,NA,NA,NA,NA,NA,"NA"
"3","M1","minus_5","22","3","24","8","1","2","4","NA","NA","NA","NA","NA","NA",NA,NA,NA,NA,NA,NA,NA,NA,NA,NA,NA,"NA"
"4","M1","5to0","NA","NA","NA","NA","NA","NA","NA","NA","10","3","NA","NA","NA",NA,NA,NA,NA,NA,NA,NA,NA,NA,NA,NA,"NA"
"5","M1","zero","1","3","6","15","2","1","3","NA","NA","NA","NA","NA","NA",NA,NA,NA,NA,NA,NA,NA,NA,NA,NA,NA,"NA"
"6","M1","0to5","NA","NA","NA","NA","NA","NA","NA","NA","6","4","NA","NA","NA",NA,NA,NA,NA,NA,NA,NA,NA,NA,NA,NA,"NA"
"7","M1","plus_5","14","5","69","37","1","2","5","NA","NA","NA","NA","NA","NA",NA,NA,NA,NA,NA,NA,NA,NA,NA,NA,NA,"NA"
"8","M1","5to10","NA","NA","NA","NA","NA","NA","NA","NA","1","0","NA","NA","NA",NA,NA,NA,NA,NA,NA,NA,NA,NA,NA,NA,"NA"
"9","M1","plus_10","12","79","75","32","20","25","3","NA","NA","NA","NA","NA","NA",NA,NA,NA,NA,NA,NA,NA,NA,NA,NA,NA,"NA"
"10","M2","minus_10","7","4","5","5","15","30","3","NA","NA","NA","6","5","GP†and JBB",60,5.46,14.3,23.4,7.02,"3.38",10.712,8.4,2.4,7,8,"NA"
"11","M2","10to5","NA","NA","NA","NA","NA","NA","NA","NA","2","1","NA","NA","NA",NA,NA,NA,NA,NA,NA,NA,NA,NA,NA,NA,"NA"
"12","M2","minus_5","7","14","4","30","10","15","2","NA","NA","NA","NA","NA","NA",NA,NA,NA,NA,NA,NA,NA,NA,NA,NA,NA,"NA"
"13","M2","5to0","NA","NA","NA","NA","NA","NA","NA","NA","5","3","NA","NA","NA",NA,NA,NA,NA,NA,NA,NA,NA,NA,NA,NA,"NA"
"14","M2","zero","16","16","18","40","3","2","3","NA","NA","NA","NA","NA","NA",NA,NA,NA,NA,NA,NA,NA,NA,NA,NA,NA,"NA"
"15","M2","0to5","NA","NA","NA","NA","NA","NA","NA","NA","2","1","NA","NA","NA",NA,NA,NA,NA,NA,NA,NA,NA,NA,NA,NA,"NA"
"16","M2","plus_5","8","7","3","9","3","3","3","NA","NA","NA","NA","NA","NA",NA,NA,NA,NA,NA,NA,NA,NA,NA,NA,NA,"NA"
"17","M2","5to10","NA","NA","NA","NA","NA","NA","NA","NA","6","3","NA","NA","NA",NA,NA,NA,NA,NA,NA,NA,NA,NA,NA,NA,"NA"
"18","M2","plus_10","13","NA","NA","NA","1","2","1","NA","NA","NA","NA","NA","NA",NA,NA,NA,NA,NA,NA,NA,NA,NA,NA,NA,"NA"
"19","M3","minus_10","8","11","9","12","75","20","4","NA","NA","NA","5","6","GP",50,10.4,24.44,19.24,20.54,"7.8000000000000007",16.484,11.8,2.8,33,12,"NA"
"20","M3","10to5","NA","NA","NA","NA","NA","NA","NA","NA","10","4","NA","NA","NA",NA,NA,NA,NA,NA,NA,NA,NA,NA,NA,NA,"NA"
"21","M3","minus_5","19","21","13","41","1","3","2","NA","NA","NA","NA","NA","NA",NA,NA,NA,NA,NA,NA,NA,NA,NA,NA,NA,"NA"
"22","M3","5to0","NA","NA","NA","NA","NA","NA","NA","NA","12","3","NA","NA","NA",NA,NA,NA,NA,NA,NA,NA,NA,NA,NA,NA,"NA"
"23","M3","zero","55","10","7","2","2","3","3","NA","NA","NA","NA","NA","NA",NA,NA,NA,NA,NA,NA,NA,NA,NA,NA,NA,"NA"
"24","M3","0to5","NA","NA","NA","NA","NA","NA","NA","NA","15","4","NA","NA","NA",NA,NA,NA,NA,NA,NA,NA,NA,NA,NA,NA,"NA"
"25","M3","plus_5","12","11","14","42","5","2","2","NA","NA","NA","NA","NA","NA",NA,NA,NA,NA,NA,NA,NA,NA,NA,NA,NA,"NA"
"26","M3","5to10","NA","NA","NA","NA","NA","NA","NA","NA","8","1","NA","NA","NA",NA,NA,NA,NA,NA,NA,NA,NA,NA,NA,NA,"NA"
"27","M3","plus_10","8","7","6","9","3","4","3","NA","NA","NA","NA","NA","NA",NA,NA,NA,NA,NA,NA,NA,NA,NA,NA,NA,"NA"
"28","M4","minus_10","15","41","17","2","1","2","3","NA","NA","NA","8","3","GP",80,19.5,6.76,10.14,13.26,"4.16",10.764,3.8,2.8,11,7,"NA"
"29","M4","10to5","NA","NA","NA","NA","NA","NA","NA","NA","5","2","NA","NA","NA",NA,NA,NA,NA,NA,NA,NA,NA,NA,NA,NA,"NA"
"30","M4","minus_5","7","10","3","6","2","1","3","NA","NA","NA","NA","NA","NA",NA,NA,NA,NA,NA,NA,NA,NA,NA,NA,NA,"NA"
"31","M4","5to0","NA","NA","NA","NA","NA","NA","NA","NA","2","1","NA","NA","NA",NA,NA,NA,NA,NA,NA,NA,NA,NA,NA,NA,"NA"
"32","M4","zero","7","10","0","22","10","2","3","NA","NA","NA","NA","NA","NA",NA,NA,NA,NA,NA,NA,NA,NA,NA,NA,NA,"NA"
"33","M4","0to5","NA","NA","NA","NA","NA","NA","NA","NA","6","1","NA","NA","NA",NA,NA,NA,NA,NA,NA,NA,NA,NA,NA,NA,"NA"
"34","M4","plus_5","12","17","10","12","2","1","3","NA","NA","NA","NA","NA","NA",NA,NA,NA,NA,NA,NA,NA,NA,NA,NA,NA,"NA"
"35","M4","5to10","NA","NA","NA","NA","NA","NA","NA","NA","5","3","NA","NA","NA",NA,NA,NA,NA,NA,NA,NA,NA,NA,NA,NA,"NA"
"36","M4","plus_10","3","5","6","2","2","15","2","NA","NA","NA","NA","NA","NA",NA,NA,NA,NA,NA,NA,NA,NA,NA,NA,NA,"NA"
"37","M5","minus_10","4","11","7","10","2","1","2","NA","NA","NA","8","22","GP",80,8.32,14.82,12.74,12.74,"8.84",11.492,1.601,2.4,15,13,"NA"
"38","M5","10to5","NA","NA","NA","NA","NA","NA","NA","NA","9","3","NA","NA","NA",NA,NA,NA,NA,NA,NA,NA,NA,NA,NA,NA,"NA"
"39","M5","minus_5","26","11","9","11","0","0.01","1","NA","NA","NA","NA","NA","NA",NA,NA,NA,NA,NA,NA,NA,NA,NA,NA,NA,"NA"
"40","M5","5to0","NA","NA","NA","NA","NA","NA","NA","NA","8","4","NA","NA","NA",NA,NA,NA,NA,NA,NA,NA,NA,NA,NA,NA,"NA"
"41","M5","zero","16","12","9","12","1","1","3","NA","NA","NA","NA","NA","NA",NA,NA,NA,NA,NA,NA,NA,NA,NA,NA,NA,"NA"
"42","M5","0to5","NA","NA","NA","NA","NA","NA","NA","NA","5","3","NA","NA","NA",NA,NA,NA,NA,NA,NA,NA,NA,NA,NA,NA,"NA"
"43","M5","plus_5","19","13","9","8","1","3","3","NA","NA","NA","NA","NA","NA",NA,NA,NA,NA,NA,NA,NA,NA,NA,NA,NA,"NA"
"44","M5","5to10","NA","NA","NA","NA","NA","NA","NA","NA","6","3","NA","NA","NA",NA,NA,NA,NA,NA,NA,NA,NA,NA,NA,NA,"NA"
"45","M5","plus_10","3","2","19","10","4","3","3","NA","NA","NA","NA","NA","NA",NA,NA,NA,NA,NA,NA,NA,NA,NA,NA,NA,"NA"
"46","M6","minus_10","8","5","7","5","0.01","0.02","2","NA","NA","NA","7","7","GP",70,6.5,6.24,7.54,9.1,"17.16",9.308,2.103,2.8,18,15,"NA"
"47","M6","10to5","NA","NA","NA","NA","NA","NA","NA","NA","1","1","NA","NA","NA",NA,NA,NA,NA,NA,NA,NA,NA,NA,NA,NA,"NA"
"48","M6","minus_5","9","3","7","5","2","10","4","NA","NA","NA","NA","NA","NA",NA,NA,NA,NA,NA,NA,NA,NA,NA,NA,NA,"NA"
"49","M6","5to0","NA","NA","NA","NA","NA","NA","NA","NA","14","6","NA","NA","NA",NA,NA,NA,NA,NA,NA,NA,NA,NA,NA,NA,"NA"
"50","M6","zero","3","11","8","7","2","3","3","NA","NA","NA","NA","NA","NA",NA,NA,NA,NA,NA,NA,NA,NA,NA,NA,NA,"NA"
"51","M6","0to5","NA","NA","NA","NA","NA","NA","NA","NA","6","2","NA","NA","NA",NA,NA,NA,NA,NA,NA,NA,NA,NA,NA,NA,"NA"
"52","M6","plus_5","13","7","4","11","2","0","2","NA","NA","NA","NA","NA","NA",NA,NA,NA,NA,NA,NA,NA,NA,NA,NA,NA,"NA"
"53","M6","5to10","NA","NA","NA","NA","NA","NA","NA","NA","12","6","NA","NA","NA",NA,NA,NA,NA,NA,NA,NA,NA,NA,NA,NA,"NA"
"54","M6","plus_10","5","33","22","6","1","1","3","NA","NA","NA","NA","NA","NA",NA,NA,NA,NA,NA,NA,NA,NA,NA,NA,NA,"NA"
"55","BR1","minus_10","3","4","8","26","2","3","2","NA","NA","NA","12","6","GP",120,10.66,17.16,17.16,9.88,"18.98",14.768,18,2.2,-2,7,"NA"
"56","BR1","10to5","NA","NA","NA","NA","NA","NA","NA","NA","0","1","NA","NA","NA",NA,NA,NA,NA,NA,NA,NA,NA,NA,NA,NA,"NA"
"57","BR1","minus_5","9","17","27","13","30","30","3","NA","NA","NA","NA","NA","NA",NA,NA,NA,NA,NA,NA,NA,NA,NA,NA,NA,"NA"
"58","BR1","5to0","NA","NA","NA","NA","NA","NA","NA","NA","1","0","NA","NA","NA",NA,NA,NA,NA,NA,NA,NA,NA,NA,NA,NA,"NA"
"59","BR1","zero","17","18","12","19","15","10","3","NA","NA","NA","NA","NA","NA",NA,NA,NA,NA,NA,NA,NA,NA,NA,NA,NA,"NA"
"60","BR1","0to5","NA","NA","NA","NA","NA","NA","NA","NA","1","5","NA","NA","NA",NA,NA,NA,NA,NA,NA,NA,NA,NA,NA,NA,"NA"
"61","BR1","plus_5","1","14","6","17","35","40","1","NA","NA","NA","NA","NA","NA",NA,NA,NA,NA,NA,NA,NA,NA,NA,NA,NA,"NA"
"62","BR1","5to10","NA","NA","NA","NA","NA","NA","NA","NA","3","1","NA","NA","NA",NA,NA,NA,NA,NA,NA,NA,NA,NA,NA,NA,"NA"
"63","BR1","plus_10","7","9","44","13","10","5","2","NA","NA","NA","NA","NA","NA",NA,NA,NA,NA,NA,NA,NA,NA,NA,NA,NA,"NA"
"64","BR2","minus_10","18","14","12","17","10","5","1","NA","NA","NA","8","6","GP",80,15.86,19.24,11.96,31.46,"39.520000000000003",23.608,13.3,2.4,4,11,"NA"
"65","BR2","10to5","NA","NA","NA","NA","NA","NA","NA","NA","4","1","NA","NA","NA",NA,NA,NA,NA,NA,NA,NA,NA,NA,NA,NA,"NA"
"66","BR2","minus_5","17","18","24","15","5","10","2","NA","NA","NA","NA","NA","NA",NA,NA,NA,NA,NA,NA,NA,NA,NA,NA,NA,"NA"
"67","BR2","5to0","NA","NA","NA","NA","NA","NA","NA","NA","4","5","NA","NA","NA",NA,NA,NA,NA,NA,NA,NA,NA,NA,NA,NA,"NA"
"68","BR2","zero","6","11","18","11","2","1","3","NA","NA","NA","NA","NA","NA",NA,NA,NA,NA,NA,NA,NA,NA,NA,NA,NA,"NA"
"69","BR2","0to5","NA","NA","NA","NA","NA","NA","NA","NA","4","0","NA","NA","NA",NA,NA,NA,NA,NA,NA,NA,NA,NA,NA,NA,"NA"
"70","BR2","plus_5","17","60","19","25","30","35","3","NA","NA","NA","NA","NA","NA",NA,NA,NA,NA,NA,NA,NA,NA,NA,NA,NA,"NA"
"71","BR2","5to10","NA","NA","NA","NA","NA","NA","NA","NA","3","5","NA","NA","NA",NA,NA,NA,NA,NA,NA,NA,NA,NA,NA,NA,"NA"
"72","BR2","plus_10","6","34","84","28","25","10","3","NA","NA","NA","NA","NA","NA",NA,NA,NA,NA,NA,NA,NA,NA,NA,NA,NA,"NA"
"73","BR3","minus_10","19","26","18","8","30","20","3","NA","NA","NA","6","4","GP",60,18.46,18.72,14.04,40.3,"34.32",25.168,51,1.6,6,14,"NA"
"74","BR3","10to5","NA","NA","NA","NA","NA","NA","NA","NA","7","3","NA","NA","NA",NA,NA,NA,NA,NA,NA,NA,NA,NA,NA,NA,"NA"
"75","BR3","minus_5","32","6","13","21","50","45","2","NA","NA","NA","NA","NA","NA",NA,NA,NA,NA,NA,NA,NA,NA,NA,NA,NA,"NA"
"76","BR3","5to0","NA","NA","NA","NA","NA","NA","NA","NA","3","8","NA","NA","NA",NA,NA,NA,NA,NA,NA,NA,NA,NA,NA,NA,"NA"
"77","BR3","zero","15","16","1","22","65","55","1","NA","NA","NA","NA","NA","NA",NA,NA,NA,NA,NA,NA,NA,NA,NA,NA,NA,"NA"
"78","BR3","0to5","NA","NA","NA","NA","NA","NA","NA","NA","6","0","NA","NA","NA",NA,NA,NA,NA,NA,NA,NA,NA,NA,NA,NA,"NA"
"79","BR3","plus_5","4","23","85","43","70","80","1","NA","NA","NA","NA","NA","NA",NA,NA,NA,NA,NA,NA,NA,NA,NA,NA,NA,"NA"
"80","BR3","5to10","NA","NA","NA","NA","NA","NA","NA","NA","4","3","NA","NA","NA",NA,NA,NA,NA,NA,NA,NA,NA,NA,NA,NA,"NA"
"81","BR3","plus_10","12","70","8","42","50","45","1","NA","NA","NA","NA","NA","NA",NA,NA,NA,NA,NA,NA,NA,NA,NA,NA,NA,"NA"
"82","BR7","minus_10","18","20","7","21","50","35","1","NA","NA","NA","6","4","GP",60,17.16,11.7,10.92,11.7,"12.74",12.844,30.5,1.6,13,7,"NA"
"83","BR7","10to5","NA","NA","NA","NA","NA","NA","NA","NA","4","1","NA","NA","NA",NA,NA,NA,NA,NA,NA,NA,NA,NA,NA,NA,"NA"
"84","BR7","minus_5","16","16","7","6","25","25","1","NA","NA","NA","NA","NA","NA",NA,NA,NA,NA,NA,NA,NA,NA,NA,NA,NA,"NA"
"85","BR7","5to0","NA","NA","NA","NA","NA","NA","NA","NA","3","2","NA","NA","NA",NA,NA,NA,NA,NA,NA,NA,NA,NA,NA,NA,"NA"
"86","BR7","zero","8","6","17","11","25","25","2","NA","NA","NA","NA","NA","NA",NA,NA,NA,NA,NA,NA,NA,NA,NA,NA,NA,"NA"
"87","BR7","0to5","NA","NA","NA","NA","NA","NA","NA","NA","3","1","NA","NA","NA",NA,NA,NA,NA,NA,NA,NA,NA,NA,NA,NA,"NA"
"88","BR7","plus_5","6","4","15","20","5","10","2","NA","NA","NA","NA","NA","NA",NA,NA,NA,NA,NA,NA,NA,NA,NA,NA,NA,"NA"
"89","BR7","5to10","NA","NA","NA","NA","NA","NA","NA","NA","10","3","NA","NA","NA",NA,NA,NA,NA,NA,NA,NA,NA,NA,NA,NA,"NA"
"90","BR7","plus_10","12","14","13","10","50","55","2","NA","NA","NA","NA","NA","NA",NA,NA,NA,NA,NA,NA,NA,NA,NA,NA,NA,"NA"
"91","BR8","minus_10","29","16","14","26","15","20","3","NA","NA","NA","7","7","GP",70,22.1,23.4,18.72,21.84,"90.48",35.308,15.5,1.6,16,4,"NA"
"92","BR8","10to5","NA","NA","NA","NA","NA","NA","NA","NA","6","0","NA","NA","NA",NA,NA,NA,NA,NA,NA,NA,NA,NA,NA,NA,"NA"
"93","BR8","minus_5","25","20","21","24","5","45","1","NA","NA","NA","NA","NA","NA",NA,NA,NA,NA,NA,NA,NA,NA,NA,NA,NA,"NA"
"94","BR8","5to0","NA","NA","NA","NA","NA","NA","NA","NA","5","1","NA","NA","NA",NA,NA,NA,NA,NA,NA,NA,NA,NA,NA,NA,"NA"
"95","BR8","zero","18","19","20","15","15","15","2","NA","NA","NA","NA","NA","NA",NA,NA,NA,NA,NA,NA,NA,NA,NA,NA,NA,"NA"
"96","BR8","0to5","NA","NA","NA","NA","NA","NA","NA","NA","3","0","NA","NA","NA",NA,NA,NA,NA,NA,NA,NA,NA,NA,NA,NA,"NA"
"97","BR8","plus_5","13","17","29","25","5","20","2","NA","NA","NA","NA","NA","NA",NA,NA,NA,NA,NA,NA,NA,NA,NA,NA,NA,"NA"
"98","BR8","5to10","NA","NA","NA","NA","NA","NA","NA","NA","6","3","NA","NA","NA",NA,NA,NA,NA,NA,NA,NA,NA,NA,NA,NA,"NA"
"99","BR8","plus_10","90","79","83","96","5","10","0","NA","NA","NA","NA","NA","NA",NA,NA,NA,NA,NA,NA,NA,NA,NA,NA,NA,"NA"
"100","BR9","minus_10","20","5","19","45","25","45","2","NA","NA","NA","6","2","GP",60,23.14,20.8,17.42,28.6,"NA",22.49,31.6,2,26,9,"NA"
"101","BR9","10to5","NA","NA","NA","NA","NA","NA","NA","NA","15","0","NA","NA","NA",NA,NA,NA,NA,NA,NA,NA,NA,NA,NA,NA,"NA"
"102","BR9","minus_5","16","20","25","19","20","30","2","NA","NA","NA","NA","NA","NA",NA,NA,NA,NA,NA,NA,NA,NA,NA,NA,NA,"NA"
"103","BR9","5to0","NA","NA","NA","NA","NA","NA","NA","NA","5","2","NA","NA","NA",NA,NA,NA,NA,NA,NA,NA,NA,NA,NA,NA,"NA"
"104","BR9","zero","13","13","22","19","1","10","3","NA","NA","NA","NA","NA","NA",NA,NA,NA,NA,NA,NA,NA,NA,NA,NA,NA,"NA"
"105","BR9","0to5","NA","NA","NA","NA","NA","NA","NA","NA","10","2","NA","NA","NA",NA,NA,NA,NA,NA,NA,NA,NA,NA,NA,NA,"NA"
"106","BR9","plus_5","18","41","20","31","20","25","1","NA","NA","NA","NA","NA","NA",NA,NA,NA,NA,NA,NA,NA,NA,NA,NA,NA,"NA"
"107","BR9","5to10","NA","NA","NA","NA","NA","NA","NA","NA","5","5","NA","NA","NA",NA,NA,NA,NA,NA,NA,NA,NA,NA,NA,NA,"NA"
"108","BR9","plus_10","NA","NA","NA","NA","75","65","2","NA","NA","NA","NA","NA","NA",NA,NA,NA,NA,NA,NA,NA,NA,NA,NA,NA,"NA"
"109","BR10","minus_10","21","9","45","21","20","30","1","NA","NA","NA","5","4","JBB",50,24.96,21.84,19.24,39,"19.240000000000002",24.856,23.5,1.6,27,0,"NA"
"110","BR10","10to5","NA","NA","NA","NA","NA","NA","NA","NA","6","0","NA","NA","NA",NA,NA,NA,NA,NA,NA,NA,NA,NA,NA,NA,"NA"
"111","BR10","minus_5","14","20","23","27","15","25","2","NA","NA","NA","NA","NA","NA",NA,NA,NA,NA,NA,NA,NA,NA,NA,NA,NA,"NA"
"112","BR10","5to0","NA","NA","NA","NA","NA","NA","NA","NA","8","0","NA","NA","NA",NA,NA,NA,NA,NA,NA,NA,NA,NA,NA,NA,"NA"
"113","BR10","zero","14","17","14","29","5","10","2","NA","NA","NA","NA","NA","NA",NA,NA,NA,NA,NA,NA,NA,NA,NA,NA,NA,"NA"
"114","BR10","0to5","NA","NA","NA","NA","NA","NA","NA","NA","7","0","NA","NA","NA",NA,NA,NA,NA,NA,NA,NA,NA,NA,NA,NA,"NA"
"115","BR10","plus_5","10","26","84","30","5","20","0","NA","NA","NA","NA","NA","NA",NA,NA,NA,NA,NA,NA,NA,NA,NA,NA,NA,"NA"
"116","BR10","5to10","NA","NA","NA","NA","NA","NA","NA","NA","6","0","NA","NA","NA",NA,NA,NA,NA,NA,NA,NA,NA,NA,NA,NA,"NA"
"117","BR10","plus_10","12","6","10","46","65","40","3","NA","NA","NA","NA","NA","NA",NA,NA,NA,NA,NA,NA,NA,NA,NA,NA,NA,"NA"
"118","BR27","minus_10","20","26","50","30","50","55","2","NA","NA","NA","5","0","GP",50,32.76,31.2,30.68,44.98,"33.54",34.632,30.5,1.8,69,2,"NA"
"119","BR27","10to5","NA","NA","NA","NA","NA","NA","NA","NA","20","0","NA","NA","NA",NA,NA,NA,NA,NA,NA,NA,NA,NA,NA,NA,"NA"
"120","BR27","minus_5","32","26","26","36","25","5","2","NA","NA","NA","NA","NA","NA",NA,NA,NA,NA,NA,NA,NA,NA,NA,NA,NA,"NA"
"121","BR27","5to0","NA","NA","NA","NA","NA","NA","NA","NA","28","1","NA","NA","NA",NA,NA,NA,NA,NA,NA,NA,NA,NA,NA,NA,"NA"
"122","BR27","zero","9","28","45","36","15","5","2","NA","NA","NA","NA","NA","NA",NA,NA,NA,NA,NA,NA,NA,NA,NA,NA,NA,"NA"
"123","BR27","0to5","NA","NA","NA","NA","NA","NA","NA","NA","20","1","NA","NA","NA",NA,NA,NA,NA,NA,NA,NA,NA,NA,NA,NA,"NA"
"124","BR27","plus_5","22","27","34","90","20","50","1","NA","NA","NA","NA","NA","NA",NA,NA,NA,NA,NA,NA,NA,NA,NA,NA,NA,"NA"
"125","BR27","5to10","NA","NA","NA","NA","NA","NA","NA","NA","3","0","NA","NA","NA",NA,NA,NA,NA,NA,NA,NA,NA,NA,NA,NA,"NA"
"126","BR27","plus_10","26","47","16","40","45","35","2","NA","NA","NA","NA","NA","NA",NA,NA,NA,NA,NA,NA,NA,NA,NA,NA,NA,"NA"
"127","BR28","minus_10","32","10","55","81","45","20","1","NA","NA","NA","8","2","GP",80,46.28,41.08,35.36,29.12,"27.82",35.932,24,1.4,76,3,"NA"
"128","BR28","10to5","NA","NA","NA","NA","NA","NA","NA","NA","21","0","NA","NA","NA",NA,NA,NA,NA,NA,NA,NA,NA,NA,NA,NA,"NA"
"129","BR28","minus_5","27","30","41","60","15","25","1","NA","NA","NA","NA","NA","NA",NA,NA,NA,NA,NA,NA,NA,NA,NA,NA,NA,"NA"
"130","BR28","5to0","NA","NA","NA","NA","NA","NA","NA","NA","25","2","NA","NA","NA",NA,NA,NA,NA,NA,NA,NA,NA,NA,NA,NA,"NA"
"131","BR28","zero","47","35","20","34","25","30","3","NA","NA","NA","NA","NA","NA",NA,NA,NA,NA,NA,NA,NA,NA,NA,NA,NA,"NA"
"132","BR28","0to5","NA","NA","NA","NA","NA","NA","NA","NA","3","0","NA","NA","NA",NA,NA,NA,NA,NA,NA,NA,NA,NA,NA,NA,"NA"
"133","BR28","plus_5","25","42","27","18","30","35","1","NA","NA","NA","NA","NA","NA",NA,NA,NA,NA,NA,NA,NA,NA,NA,NA,NA,"NA"
"134","BR28","5to10","NA","NA","NA","NA","NA","NA","NA","NA","30","1","NA","NA","NA",NA,NA,NA,NA,NA,NA,NA,NA,NA,NA,NA,"NA"
"135","BR28","plus_10","8","33","36","30","5","10","1","NA","NA","NA","NA","NA","NA",NA,NA,NA,NA,NA,NA,NA,NA,NA,NA,NA,"NA"
"136","BR26","minus_10","24","20","25","13","50","30","1","NA","NA","NA","3","0","JBB",30,21.32,27.3,40.82,43.42,"53.82",37.336,27.6,1.8,21,3,"NA"
"137","BR26","10to5","NA","NA","NA","NA","NA","NA","NA","NA","6","1","NA","NA","NA",NA,NA,NA,NA,NA,NA,NA,NA,NA,NA,NA,"NA"
"138","BR26","minus_5","23","50","17","15","35","30","3","NA","NA","NA","NA","NA","NA",NA,NA,NA,NA,NA,NA,NA,NA,NA,NA,NA,"NA"
"139","BR26","5to0","NA","NA","NA","NA","NA","NA","NA","NA","5","0","NA","NA","NA",NA,NA,NA,NA,NA,NA,NA,NA,NA,NA,NA,"NA"
"140","BR26","zero","50","40","40","27","4","2","2","NA","NA","NA","NA","NA","NA",NA,NA,NA,NA,NA,NA,NA,NA,NA,NA,NA,"NA"
"141","BR26","0to5","NA","NA","NA","NA","NA","NA","NA","NA","6","1","NA","NA","NA",NA,NA,NA,NA,NA,NA,NA,NA,NA,NA,NA,"NA"
"142","BR26","plus_5","23","30","96","18","20","95","3","NA","NA","NA","NA","NA","NA",NA,NA,NA,NA,NA,NA,NA,NA,NA,NA,NA,"NA"
"143","BR26","5to10","NA","NA","NA","NA","NA","NA","NA","NA","7","1","NA","NA","NA",NA,NA,NA,NA,NA,NA,NA,NA,NA,NA,NA,"NA"
"144","BR26","plus_10","20","12","90","85","5","5","0","NA","NA","NA","NA","NA","NA",NA,NA,NA,NA,NA,NA,NA,NA,NA,NA,NA,"NA"
"145","M10","minus_10","10","11","17","11","2","3","1","NA","NA","NA","6","5","GP",60,12.74,13.26,23.4,20.54,"15.08",17.004,3.8,1.8,3,3,"NA"
"146","M10","10to5","NA","NA","NA","NA","NA","NA","NA","NA","2","1","NA","NA","NA",NA,NA,NA,NA,NA,NA,NA,NA,NA,NA,NA,"NA"
"147","M10","minus_5","8","11","26","6","1","5","3","NA","NA","NA","NA","NA","NA",NA,NA,NA,NA,NA,NA,NA,NA,NA,NA,NA,"NA"
"148","M10","5to0","NA","NA","NA","NA","NA","NA","NA","NA","2","2","NA","NA","NA",NA,NA,NA,NA,NA,NA,NA,NA,NA,NA,NA,"NA"
"149","M10","zero","23","19","22","26","5","1","1","NA","NA","NA","NA","NA","NA",NA,NA,NA,NA,NA,NA,NA,NA,NA,NA,NA,"NA"
"150","M10","0to5","NA","NA","NA","NA","NA","NA","NA","NA","1","0","NA","NA","NA",NA,NA,NA,NA,NA,NA,NA,NA,NA,NA,NA,"NA"
"151","M10","plus_5","19","13","20","27","5","5","3","NA","NA","NA","NA","NA","NA",NA,NA,NA,NA,NA,NA,NA,NA,NA,NA,NA,"NA"
"152","M10","5to10","NA","NA","NA","NA","NA","NA","NA","NA","1","0","NA","NA","NA",NA,NA,NA,NA,NA,NA,NA,NA,NA,NA,NA,"NA"
"153","M10","plus_10","28","18","9","3","1","10","1","NA","NA","NA","NA","NA","NA",NA,NA,NA,NA,NA,NA,NA,NA,NA,NA,NA,"NA"
"154","M11","minus_10","15","12","15","13","5","1.5","2","NA","NA","NA","12","11","GP",120,14.3,14.04,8.84,15.08,"NA",13.065,3.05,1.8,6,7,"NA"
"155","M11","10to5","NA","NA","NA","NA","NA","NA","NA","NA","1","1","NA","NA","NA",NA,NA,NA,NA,NA,NA,NA,NA,NA,NA,NA,"NA"
"156","M11","minus_5","16","7","12","19","1","15","2","NA","NA","NA","NA","NA","NA",NA,NA,NA,NA,NA,NA,NA,NA,NA,NA,NA,"NA"
"157","M11","5to0","NA","NA","NA","NA","NA","NA","NA","NA","3","2","NA","NA","NA",NA,NA,NA,NA,NA,NA,NA,NA,NA,NA,NA,"NA"
"158","M11","zero","2","4","25","3","1","1","2","NA","NA","NA","NA","NA","NA",NA,NA,NA,NA,NA,NA,NA,NA,NA,NA,NA,"NA"
"159","M11","0to5","NA","NA","NA","NA","NA","NA","NA","NA","8","2","NA","NA","NA",NA,NA,NA,NA,NA,NA,NA,NA,NA,NA,NA,"NA"
"160","M11","plus_5","16","17","20","5","1","2","1","NA","NA","NA","NA","NA","NA",NA,NA,NA,NA,NA,NA,NA,NA,NA,NA,NA,"NA"
"161","M11","5to10","NA","NA","NA","NA","NA","NA","NA","NA","1","2","NA","NA","NA",NA,NA,NA,NA,NA,NA,NA,NA,NA,NA,NA,"NA"
"162","M11","plus_10","NA","NA","NA","NA","1","2","2","NA","NA","NA","NA","NA","NA",NA,NA,NA,NA,NA,NA,NA,NA,NA,NA,NA,"NA"
"163","M12","minus_10","23","17","25","29","20","45","1","NA","NA","NA","13","4","GP",130,24.44,14.82,8.32,13.26,"NA",15.21,7.8,1,14,11,"NA"
"164","M12","10to5","NA","NA","NA","NA","NA","NA","NA","NA","4","2","NA","NA","NA",NA,NA,NA,NA,NA,NA,NA,NA,NA,NA,NA,"NA"
"165","M12","minus_5","12","14","7","24","1","3","1","NA","NA","NA","NA","NA","NA",NA,NA,NA,NA,NA,NA,NA,NA,NA,NA,NA,"NA"
"166","M12","5to0","NA","NA","NA","NA","NA","NA","NA","NA","6","1","NA","NA","NA",NA,NA,NA,NA,NA,NA,NA,NA,NA,NA,NA,"NA"
"167","M12","zero","18","7","5","2","0","0","2","NA","NA","NA","NA","NA","NA",NA,NA,NA,NA,NA,NA,NA,NA,NA,NA,NA,"NA"
"168","M12","0to5","NA","NA","NA","NA","NA","NA","NA","NA","7","2","NA","NA","NA",NA,NA,NA,NA,NA,NA,NA,NA,NA,NA,NA,"NA"
"169","M12","plus_5","2","4","5","40","1","0","1","NA","NA","NA","NA","NA","NA",NA,NA,NA,NA,NA,NA,NA,NA,NA,NA,NA,"NA"
"170","M12","5to10","NA","NA","NA","NA","NA","NA","NA","NA","8","6","NA","NA","NA",NA,NA,NA,NA,NA,NA,NA,NA,NA,NA,NA,"NA"
"171","M12","plus_10","NA","NA","NA","NA","3","5","0","NA","NA","NA","NA","NA","NA",NA,NA,NA,NA,NA,NA,NA,NA,NA,NA,NA,"NA"
"172","BR23","minus_10","26","19","28","5","80","85","2","NA","NA","NA","5","3","GP",50,20.28,19.76,24.96,24.96,"28.6",23.712,62.9,1.8,56,1,"NA"
"173","BR23","10to5","NA","NA","NA","NA","NA","NA","NA","NA","25","0","NA","NA","NA",NA,NA,NA,NA,NA,NA,NA,NA,NA,NA,NA,"NA"
"174","BR23","minus_5","4","24","17","31","20","45","2","NA","NA","NA","NA","NA","NA",NA,NA,NA,NA,NA,NA,NA,NA,NA,NA,NA,"NA"
"175","BR23","5to0","NA","NA","NA","NA","NA","NA","NA","NA","21","0","NA","NA","NA",NA,NA,NA,NA,NA,NA,NA,NA,NA,NA,NA,"NA"
"176","BR23","zero","27","28","15","26","20","20","3","NA","NA","NA","NA","NA","NA",NA,NA,NA,NA,NA,NA,NA,NA,NA,NA,NA,"NA"
"177","BR23","0to5","NA","NA","NA","NA","NA","NA","NA","NA","8","1","NA","NA","NA",NA,NA,NA,NA,NA,NA,NA,NA,NA,NA,NA,"NA"
"178","BR23","plus_5","20","25","33","18","80","85","1","NA","NA","NA","NA","NA","NA",NA,NA,NA,NA,NA,NA,NA,NA,NA,NA,NA,"NA"
"179","BR23","5to10","NA","NA","NA","NA","NA","NA","NA","NA","3","0","NA","NA","NA",NA,NA,NA,NA,NA,NA,NA,NA,NA,NA,NA,"NA"
"180","BR23","plus_10","24","30","30","26","95","99","1","NA","NA","NA","NA","NA","NA",NA,NA,NA,NA,NA,NA,NA,NA,NA,NA,NA,"NA"
"181","BR24","minus_10","20","22","18","14","45","65","1","NA","NA","NA","5","4","GP",50,19.24,18.72,11.96,24.18,"44.2",23.66,51,1.8,64,5,"NA"
"182","BR24","10to5","NA","NA","NA","NA","NA","NA","NA","NA","28","3","NA","NA","NA",NA,NA,NA,NA,NA,NA,NA,NA,NA,NA,NA,"NA"
"183","BR24","minus_5","20","20","15","17","50","50","2","NA","NA","NA","NA","NA","NA",NA,NA,NA,NA,NA,NA,NA,NA,NA,NA,NA,"NA"
"184","BR24","5to0","NA","NA","NA","NA","NA","NA","NA","NA","16","0","NA","NA","NA",NA,NA,NA,NA,NA,NA,NA,NA,NA,NA,NA,"NA"
"185","BR24","zero","17","4","3","22","25","15","2","NA","NA","NA","NA","NA","NA",NA,NA,NA,NA,NA,NA,NA,NA,NA,NA,NA,"NA"
"186","BR24","0to5","NA","NA","NA","NA","NA","NA","NA","NA","21","1","NA","NA","NA",NA,NA,NA,NA,NA,NA,NA,NA,NA,NA,NA,"NA"
"187","BR24","plus_5","27","21","18","27","50","55","2","NA","NA","NA","NA","NA","NA",NA,NA,NA,NA,NA,NA,NA,NA,NA,NA,NA,"NA"
"188","BR24","5to10","NA","NA","NA","NA","NA","NA","NA","NA","4","1","NA","NA","NA",NA,NA,NA,NA,NA,NA,NA,NA,NA,NA,NA,"NA"
"189","BR24","plus_10","78","30","33","29","55","100","2","NA","NA","NA","NA","NA","NA",NA,NA,NA,NA,NA,NA,NA,NA,NA,NA,NA,"NA"
"190","M28","minus_10","15","7","14","12","30","50","2","NA","NA","NA","7","3","JBB",70,12.48,11.44,13.52,12.74,"22.62",14.56,24.4,3,35,5,"NA"
"191","M28","10to5","NA","NA","NA","NA","NA","NA","NA","NA","10","2","NA","NA","NA",NA,NA,NA,NA,NA,NA,NA,NA,NA,NA,NA,"NA"
"192","M28","minus_5","13","9","12","10","25","50","3","NA","NA","NA","NA","NA","NA",NA,NA,NA,NA,NA,NA,NA,NA,NA,NA,NA,"NA"
"193","M28","5to0","NA","NA","NA","NA","NA","NA","NA","NA","10","2","NA","NA","NA",NA,NA,NA,NA,NA,NA,NA,NA,NA,NA,NA,"NA"
"194","M28","zero","23","7","18","4","10","20","3","NA","NA","NA","NA","NA","NA",NA,NA,NA,NA,NA,NA,NA,NA,NA,NA,NA,"NA"
"195","M28","0to5","NA","NA","NA","NA","NA","NA","NA","NA","10","0","NA","NA","NA",NA,NA,NA,NA,NA,NA,NA,NA,NA,NA,NA,"NA"
"196","M28","plus_5","9","8","12","20","50","5","4","NA","NA","NA","NA","NA","NA",NA,NA,NA,NA,NA,NA,NA,NA,NA,NA,NA,"NA"
"197","M28","5to10","NA","NA","NA","NA","NA","NA","NA","NA","10","1","NA","NA","NA",NA,NA,NA,NA,NA,NA,NA,NA,NA,NA,NA,"NA"
"198","M28","plus_10","15","26","20","26","2","2","3","NA","NA","NA","NA","NA","NA",NA,NA,NA,NA,NA,NA,NA,NA,NA,NA,NA,"NA"
"199","BR25","minus_10","NA","NA","NA","NA","20","20","2","NA","NA","NA","7","4","GP",70,0,0,0,0,"0",0,30,1.4,66,2,"NA"
"200","BR25","10to5","NA","NA","NA","NA","NA","NA","NA","NA","20","0","NA","NA","NA",NA,NA,NA,NA,NA,NA,NA,NA,NA,NA,NA,"NA"
"201","BR25","minus_5","NA","NA","NA","NA","35","40","2","NA","NA","NA","NA","NA","NA",NA,NA,NA,NA,NA,NA,NA,NA,NA,NA,NA,"NA"
"202","BR25","5to0","NA","NA","NA","NA","NA","NA","NA","NA","22","1","NA","NA","NA",NA,NA,NA,NA,NA,NA,NA,NA,NA,NA,NA,"NA"
"203","BR25","zero","NA","NA","NA","NA","15","20","1","NA","NA","NA","NA","NA","NA",NA,NA,NA,NA,NA,NA,NA,NA,NA,NA,NA,"NA"
"204","BR25","0to5","NA","NA","NA","NA","NA","NA","NA","NA","20","0","NA","NA","NA",NA,NA,NA,NA,NA,NA,NA,NA,NA,NA,NA,"NA"
"205","BR25","plus_5","NA","NA","NA","NA","70","70","2","NA","NA","NA","NA","NA","NA",NA,NA,NA,NA,NA,NA,NA,NA,NA,NA,NA,"NA"
"206","BR25","5to10","NA","NA","NA","NA","NA","NA","NA","NA","6","1","NA","NA","NA",NA,NA,NA,NA,NA,NA,NA,NA,NA,NA,NA,"NA"
"207","BR25","plus_10","NA","NA","NA","NA","5","5","0","NA","NA","NA","NA","NA","NA",NA,NA,NA,NA,NA,NA,NA,NA,NA,NA,NA,"NA"
"208","M27","minus_10","NA","NA","NA","NA","1","1","3","NA","NA","NA","11","13","GP",110,0,0,0,0,"0",0,0.3,2.4,35,19,"NA"
"209","M27","10to5","NA","NA","NA","NA","NA","NA","NA","NA","14","6","NA","NA","NA",NA,NA,NA,NA,NA,NA,NA,NA,NA,NA,NA,"NA"
"210","M27","minus_5","NA","NA","NA","NA","0","0","3","NA","NA","NA","NA","NA","NA",NA,NA,NA,NA,NA,NA,NA,NA,NA,NA,NA,"NA"
"211","M27","5to0","NA","NA","NA","NA","NA","NA","NA","NA","13","6","NA","NA","NA",NA,NA,NA,NA,NA,NA,NA,NA,NA,NA,NA,"NA"
"212","M27","zero","NA","NA","NA","NA","1","0","1","NA","NA","NA","NA","NA","NA",NA,NA,NA,NA,NA,NA,NA,NA,NA,NA,NA,"NA"
"213","M27","0to5","NA","NA","NA","NA","NA","NA","NA","NA","11","6","NA","NA","NA",NA,NA,NA,NA,NA,NA,NA,NA,NA,NA,NA,"NA"
"214","M27","plus_5","NA","NA","NA","NA","0","0","3","NA","NA","NA","NA","NA","NA",NA,NA,NA,NA,NA,NA,NA,NA,NA,NA,NA,"NA"
"215","M27","5to10","NA","NA","NA","NA","NA","NA","NA","NA","16","1","NA","NA","NA",NA,NA,NA,NA,NA,NA,NA,NA,NA,NA,NA,"NA"
"216","M27","plus_10","NA","NA","NA","NA","0","0","2","NA","NA","NA","NA","NA","NA",NA,NA,NA,NA,NA,NA,NA,NA,NA,NA,NA,"NA"
"217","M29","minus_10","NA","NA","NA","NA","0","0","3","NA","NA","NA","8","6","GP",80,0,0,0,0,"0",0,0.4,2.4,10,7,"NA"
"218","M29","10to5","NA","NA","NA","NA","NA","NA","NA","NA","1","1","NA","NA","NA",NA,NA,NA,NA,NA,NA,NA,NA,NA,NA,NA,"NA"
"219","M29","minus_5","NA","NA","NA","NA","2","1","2","NA","NA","NA","NA","NA","NA",NA,NA,NA,NA,NA,NA,NA,NA,NA,NA,NA,"NA"
"220","M29","5to0","NA","NA","NA","NA","NA","NA","NA","NA","4","1","NA","NA","NA",NA,NA,NA,NA,NA,NA,NA,NA,NA,NA,NA,"NA"
"221","M29","zero","NA","NA","NA","NA","0","1","1","NA","NA","NA","NA","NA","NA",NA,NA,NA,NA,NA,NA,NA,NA,NA,NA,NA,"NA"
"222","M29","0to5","NA","NA","NA","NA","NA","NA","NA","NA","7","2","NA","NA","NA",NA,NA,NA,NA,NA,NA,NA,NA,NA,NA,NA,"NA"
"223","M29","plus_5","NA","NA","NA","NA","0","0","3","NA","NA","NA","NA","NA","NA",NA,NA,NA,NA,NA,NA,NA,NA,NA,NA,NA,"NA"
"224","M29","5to10","NA","NA","NA","NA","NA","NA","NA","NA","5","3","NA","NA","NA",NA,NA,NA,NA,NA,NA,NA,NA,NA,NA,NA,"NA"
"225","M29","plus_10","NA","NA","NA","NA","0","0","3","NA","NA","NA","NA","NA","NA",NA,NA,NA,NA,NA,NA,NA,NA,NA,NA,NA,"NA"
"226","BR11","minus_10","NA","NA","NA","NA","45","55","1","NA","NA","NA","4","5","GP",40,0,0,0,0,"0",0,34,1.8,1,6,"NA"
"227","BR11","10to5","NA","NA","NA","NA","NA","NA","NA","NA","2","3","NA","NA","NA",NA,NA,NA,NA,NA,NA,NA,NA,NA,NA,NA,"NA"
"228","BR11","minus_5","NA","NA","NA","NA","15","5","2","NA","NA","NA","NA","NA","NA",NA,NA,NA,NA,NA,NA,NA,NA,NA,NA,NA,"NA"
"229","BR11","5to0","NA","NA","NA","NA","NA","NA","NA","NA","2","1","NA","NA","NA",NA,NA,NA,NA,NA,NA,NA,NA,NA,NA,NA,"NA"
"230","BR11","zero","NA","NA","NA","NA","20","15","2","NA","NA","NA","NA","NA","NA",NA,NA,NA,NA,NA,NA,NA,NA,NA,NA,NA,"NA"
"231","BR11","0to5","NA","NA","NA","NA","NA","NA","NA","NA","3","2","NA","NA","NA",NA,NA,NA,NA,NA,NA,NA,NA,NA,NA,NA,"NA"
"232","BR11","plus_5","NA","NA","NA","NA","20","65","3","NA","NA","NA","NA","NA","NA",NA,NA,NA,NA,NA,NA,NA,NA,NA,NA,NA,"NA"
"233","BR11","5to10","NA","NA","NA","NA","NA","NA","NA","NA","0","0","NA","NA","NA",NA,NA,NA,NA,NA,NA,NA,NA,NA,NA,NA,"NA"
"234","BR11","plus_10","NA","NA","NA","NA","55","45","1","NA","NA","NA","NA","NA","NA",NA,NA,NA,NA,NA,NA,NA,NA,NA,NA,NA,"NA"
"235","BR14","minus_10","NA","NA","NA","NA","15","10","2","NA","NA","NA","7","3","GP",70,0,0,0,0,"0",0,48.5,1.8,6,6,"NA"
"236","BR14","10to5","NA","NA","NA","NA","NA","NA","NA","NA","5","3","NA","NA","NA",NA,NA,NA,NA,NA,NA,NA,NA,NA,NA,NA,"NA"
"237","BR14","minus_5","NA","NA","NA","NA","75","75","2","NA","NA","NA","NA","NA","NA",NA,NA,NA,NA,NA,NA,NA,NA,NA,NA,NA,"NA"
"238","BR14","5to0","NA","NA","NA","NA","NA","NA","NA","NA","3","2","NA","NA","NA",NA,NA,NA,NA,NA,NA,NA,NA,NA,NA,NA,"NA"
"239","BR14","zero","NA","NA","NA","NA","55","45","2","NA","NA","NA","NA","NA","NA",NA,NA,NA,NA,NA,NA,NA,NA,NA,NA,NA,"NA"
"240","BR14","0to5","NA","NA","NA","NA","NA","NA","NA","NA","4","1","NA","NA","NA",NA,NA,NA,NA,NA,NA,NA,NA,NA,NA,NA,"NA"
"241","BR14","plus_5","NA","NA","NA","NA","25","20","2","NA","NA","NA","NA","NA","NA",NA,NA,NA,NA,NA,NA,NA,NA,NA,NA,NA,"NA"
"242","BR14","5to10","NA","NA","NA","NA","NA","NA","NA","NA","0","0","NA","NA","NA",NA,NA,NA,NA,NA,NA,NA,NA,NA,NA,NA,"NA"
"243","BR14","plus_10","NA","NA","NA","NA","80","85","1","NA","NA","NA","NA","NA","NA",NA,NA,NA,NA,NA,NA,NA,NA,NA,NA,NA,"NA"
"244","CY11","minus_10","NA","NA","NA","NA","1","2","2","NA","NA","NA","10","5","GP",100,0,0,0,0,"0",0,1.7,2.2,83,3,"NA"
"245","CY11","10to5","NA","NA","NA","NA","NA","NA","NA","NA","18","0","NA","NA","NA",NA,NA,NA,NA,NA,NA,NA,NA,NA,NA,NA,"NA"
"246","CY11","minus_5","NA","NA","NA","NA","10","1","1","NA","NA","NA","NA","NA","NA",NA,NA,NA,NA,NA,NA,NA,NA,NA,NA,NA,"NA"
"247","CY11","5to0","NA","NA","NA","NA","NA","NA","NA","NA","26","2","NA","NA","NA",NA,NA,NA,NA,NA,NA,NA,NA,NA,NA,NA,"NA"
"248","CY11","zero","NA","NA","NA","NA","0","0","3","NA","NA","NA","NA","NA","NA",NA,NA,NA,NA,NA,NA,NA,NA,NA,NA,NA,"NA"
"249","CY11","0to5","NA","NA","NA","NA","NA","NA","NA","NA","20","1","NA","NA","NA",NA,NA,NA,NA,NA,NA,NA,NA,NA,NA,NA,"NA"
"250","CY11","plus_5","NA","NA","NA","NA","0","0","2","NA","NA","NA","NA","NA","NA",NA,NA,NA,NA,NA,NA,NA,NA,NA,NA,NA,"NA"
"251","CY11","5to10","NA","NA","NA","NA","NA","NA","NA","NA","22","0","NA","NA","NA",NA,NA,NA,NA,NA,NA,NA,NA,NA,NA,NA,"NA"
"252","CY11","plus_10","NA","NA","NA","NA","3","0","3","NA","NA","NA","NA","NA","NA",NA,NA,NA,NA,NA,NA,NA,NA,NA,NA,NA,"NA"
"253","CY12","minus_10","NA","NA","NA","NA","0","1","2","NA","NA","NA","12","6","GP",120,0,0,0,0,"0",0,15.6,2,58,12,"NA"
"254","CY12","10to5","NA","NA","NA","NA","NA","NA","NA","NA","22","5","NA","NA","NA",NA,NA,NA,NA,NA,NA,NA,NA,NA,NA,NA,"NA"
"255","CY12","minus_5","NA","NA","NA","NA","15","30","2","NA","NA","NA","NA","NA","NA",NA,NA,NA,NA,NA,NA,NA,NA,NA,NA,NA,"NA"
"256","CY12","5to0","NA","NA","NA","NA","NA","NA","NA","NA","18","1","NA","NA","NA",NA,NA,NA,NA,NA,NA,NA,NA,NA,NA,NA,"NA"
"257","CY12","zero","NA","NA","NA","NA","60","15","2","NA","NA","NA","NA","NA","NA",NA,NA,NA,NA,NA,NA,NA,NA,NA,NA,NA,"NA"
"258","CY12","0to5","NA","NA","NA","NA","NA","NA","NA","NA","18","3","NA","NA","NA",NA,NA,NA,NA,NA,NA,NA,NA,NA,NA,NA,"NA"
"259","CY12","plus_5","NA","NA","NA","NA","0","0","1","NA","NA","NA","NA","NA","NA",NA,NA,NA,NA,NA,NA,NA,NA,NA,NA,NA,"NA"
"260","CY12","5to10","NA","NA","NA","NA","NA","NA","NA","NA","12","3","NA","NA","NA",NA,NA,NA,NA,NA,NA,NA,NA,NA,NA,NA,"NA"
"261","CY12","plus_10","NA","NA","NA","NA","25","10","3","NA","NA","NA","NA","NA","NA",NA,NA,NA,NA,NA,NA,NA,NA,NA,NA,NA,"NA"
"262","M18","minus_10","NA","NA","NA","NA","5","5","5","NA","NA","NA","6","0","JH",60,0,0,0,0,"0",0,4.5,4,16,3,"NA"
"263","M18","10to5","NA","NA","NA","NA","NA","NA","NA","NA","5","1","NA","NA","NA",NA,NA,NA,NA,NA,NA,NA,NA,NA,NA,NA,"NA"
"264","M18","minus_5","NA","NA","NA","NA","5","5","3","NA","NA","NA","NA","NA","NA",NA,NA,NA,NA,NA,NA,NA,NA,NA,NA,NA,"NA"
"265","M18","5to0","NA","NA","NA","NA","NA","NA","NA","NA","4","0","NA","NA","NA",NA,NA,NA,NA,NA,NA,NA,NA,NA,NA,NA,"NA"
"266","M18","zero","NA","NA","NA","NA","0","0","6","NA","NA","NA","NA","NA","NA",NA,NA,NA,NA,NA,NA,NA,NA,NA,NA,NA,"NA"
"267","M18","0to5","NA","NA","NA","NA","NA","NA","NA","NA","6","2","NA","NA","NA",NA,NA,NA,NA,NA,NA,NA,NA,NA,NA,NA,"NA"
"268","M18","plus_5","NA","NA","NA","NA","0","10","4","NA","NA","NA","NA","NA","NA",NA,NA,NA,NA,NA,NA,NA,NA,NA,NA,NA,"NA"
"269","M18","5to10","NA","NA","NA","NA","NA","NA","NA","NA","4","0","NA","NA","NA",NA,NA,NA,NA,NA,NA,NA,NA,NA,NA,NA,"NA"
"270","M18","plus_10","NA","NA","NA","NA","10","5","2","NA","NA","NA","NA","NA","NA",NA,NA,NA,NA,NA,NA,NA,NA,NA,NA,NA,"NA"
"271","M20","minus_10","NA","NA","NA","NA","30","10","1","NA","NA","NA","3","0","JH",30,0,0,0,0,"0",0,6,2.6,12,3,"NA"
"272","M20","10to5","NA","NA","NA","NA","NA","NA","NA","NA","4","1","NA","NA","NA",NA,NA,NA,NA,NA,NA,NA,NA,NA,NA,NA,"NA"
"273","M20","minus_5","NA","NA","NA","NA","0","0","3","NA","NA","NA","NA","NA","NA",NA,NA,NA,NA,NA,NA,NA,NA,NA,NA,NA,"NA"
"274","M20","5to0","NA","NA","NA","NA","NA","NA","NA","NA","2","0","NA","NA","NA",NA,NA,NA,NA,NA,NA,NA,NA,NA,NA,NA,"NA"
"275","M20","zero","NA","NA","NA","NA","0","0","3","NA","NA","NA","NA","NA","NA",NA,NA,NA,NA,NA,NA,NA,NA,NA,NA,NA,"NA"
"276","M20","0to5","NA","NA","NA","NA","NA","NA","NA","NA","5","1","NA","NA","NA",NA,NA,NA,NA,NA,NA,NA,NA,NA,NA,NA,"NA"
"277","M20","plus_5","NA","NA","NA","NA","0","5","4","NA","NA","NA","NA","NA","NA",NA,NA,NA,NA,NA,NA,NA,NA,NA,NA,NA,"NA"
"278","M20","5to10","NA","NA","NA","NA","NA","NA","NA","NA","4","1","NA","NA","NA",NA,NA,NA,NA,NA,NA,NA,NA,NA,NA,NA,"NA"
"279","M20","plus_10","NA","NA","NA","NA","10","5","2","NA","NA","NA","NA","NA","NA",NA,NA,NA,NA,NA,NA,NA,NA,NA,NA,NA,"NA"
"280","M22","minus_10","NA","NA","NA","NA","40","20","3","NA","NA","NA","5","2","JH",50,0,0,0,0,"0",0,21,2.8,11,4,"NA"
"281","M22","10to5","NA","NA","NA","NA","NA","NA","NA","NA","4","2","NA","NA","NA",NA,NA,NA,NA,NA,NA,NA,NA,NA,NA,NA,"NA"
"282","M22","minus_5","NA","NA","NA","NA","20","5","1","NA","NA","NA","NA","NA","NA",NA,NA,NA,NA,NA,NA,NA,NA,NA,NA,NA,"NA"
"283","M22","5to0","NA","NA","NA","NA","NA","NA","NA","NA","4","0","NA","NA","NA",NA,NA,NA,NA,NA,NA,NA,NA,NA,NA,NA,"NA"
"284","M22","zero","NA","NA","NA","NA","50","30","2","NA","NA","NA","NA","NA","NA",NA,NA,NA,NA,NA,NA,NA,NA,NA,NA,NA,"NA"
"285","M22","0to5","NA","NA","NA","NA","NA","NA","NA","NA","4","1","NA","NA","NA",NA,NA,NA,NA,NA,NA,NA,NA,NA,NA,NA,"NA"
"286","M22","plus_5","NA","NA","NA","NA","5","10","5","NA","NA","NA","NA","NA","NA",NA,NA,NA,NA,NA,NA,NA,NA,NA,NA,NA,"NA"
"287","M22","5to10","NA","NA","NA","NA","NA","NA","NA","NA","3","1","NA","NA","NA",NA,NA,NA,NA,NA,NA,NA,NA,NA,NA,NA,"NA"
"288","M22","plus_10","NA","NA","NA","NA","20","10","3","NA","NA","NA","NA","NA","NA",NA,NA,NA,NA,NA,NA,NA,NA,NA,NA,NA,"NA"
"289","M25","minus_10","NA","NA","NA","NA","1","3","2","NA","NA","NA","9","2","JBB",90,0,0,0,0,"0",0,3.2,2.6,65,2,"NA"
"290","M25","10to5","NA","NA","NA","NA","NA","NA","NA","NA","14","0","NA","NA","NA",NA,NA,NA,NA,NA,NA,NA,NA,NA,NA,NA,"NA"
"291","M25","minus_5","NA","NA","NA","NA","0","0","4","NA","NA","NA","NA","NA","NA",NA,NA,NA,NA,NA,NA,NA,NA,NA,NA,NA,"NA"
"292","M25","5to0","NA","NA","NA","NA","NA","NA","NA","NA","15","1","NA","NA","NA",NA,NA,NA,NA,NA,NA,NA,NA,NA,NA,NA,"NA"
"293","M25","zero","NA","NA","NA","NA","2","0","1","NA","NA","NA","NA","NA","NA",NA,NA,NA,NA,NA,NA,NA,NA,NA,NA,NA,"NA"
"294","M25","0to5","NA","NA","NA","NA","NA","NA","NA","NA","20","1","NA","NA","NA",NA,NA,NA,NA,NA,NA,NA,NA,NA,NA,NA,"NA"
"295","M25","plus_5","NA","NA","NA","NA","4","2","4","NA","NA","NA","NA","NA","NA",NA,NA,NA,NA,NA,NA,NA,NA,NA,NA,NA,"NA"
"296","M25","5to10","NA","NA","NA","NA","NA","NA","NA","NA","18","0","NA","NA","NA",NA,NA,NA,NA,NA,NA,NA,NA,NA,NA,NA,"NA"
"297","M25","plus_10","NA","NA","NA","NA","10","10","2","NA","NA","NA","NA","NA","NA",NA,NA,NA,NA,NA,NA,NA,NA,NA,NA,NA,"NA"
"298","M23","minus_10","NA","NA","NA","NA","0","2","2","NA","NA","NA","9","3","GP",90,0,0,0,0,"0",0,0.4,2.8,76,10,"NA"
"299","M23","10to5","NA","NA","NA","NA","NA","NA","NA","NA","25","0","NA","NA","NA",NA,NA,NA,NA,NA,NA,NA,NA,NA,NA,NA,"NA"
"300","M23","minus_5","NA","NA","NA","NA","0","0","3","NA","NA","NA","NA","NA","NA",NA,NA,NA,NA,NA,NA,NA,NA,NA,NA,NA,"NA"
"301","M23","5to0","NA","NA","NA","NA","NA","NA","NA","NA","27","4","NA","NA","NA",NA,NA,NA,NA,NA,NA,NA,NA,NA,NA,NA,"NA"
"302","M23","zero","NA","NA","NA","NA","1","0","4","NA","NA","NA","NA","NA","NA",NA,NA,NA,NA,NA,NA,NA,NA,NA,NA,NA,"NA"
"303","M23","0to5","NA","NA","NA","NA","NA","NA","NA","NA","20","4","NA","NA","NA",NA,NA,NA,NA,NA,NA,NA,NA,NA,NA,NA,"NA"
"304","M23","plus_5","NA","NA","NA","NA","0","1","2","NA","NA","NA","NA","NA","NA",NA,NA,NA,NA,NA,NA,NA,NA,NA,NA,NA,"NA"
"305","M23","5to10","NA","NA","NA","NA","NA","NA","NA","NA","14","2","NA","NA","NA",NA,NA,NA,NA,NA,NA,NA,NA,NA,NA,NA,"NA"
"306","M23","plus_10","NA","NA","NA","NA","0","0","3","NA","NA","NA","NA","NA","NA",NA,NA,NA,NA,NA,NA,NA,NA,NA,NA,NA,"NA"
"307","M24","minus_10","NA","NA","NA","NA","0","2","2","NA","NA","NA","6","3","GP",60,0,0,0,0,"0",0,42.7,2,80,5,"NA"
"308","M24","10to5","NA","NA","NA","NA","NA","NA","NA","NA","14","2","NA","NA","NA",NA,NA,NA,NA,NA,NA,NA,NA,NA,NA,NA,"NA"
"309","M24","minus_5","NA","NA","NA","NA","75","40","2","NA","NA","NA","NA","NA","NA",NA,NA,NA,NA,NA,NA,NA,NA,NA,NA,NA,"NA"
"310","M24","5to0","NA","NA","NA","NA","NA","NA","NA","NA","28","3","NA","NA","NA",NA,NA,NA,NA,NA,NA,NA,NA,NA,NA,NA,"NA"
"311","M24","zero","NA","NA","NA","NA","80","35","2","NA","NA","NA","NA","NA","NA",NA,NA,NA,NA,NA,NA,NA,NA,NA,NA,NA,"NA"
"312","M24","0to5","NA","NA","NA","NA","NA","NA","NA","NA","24","0","NA","NA","NA",NA,NA,NA,NA,NA,NA,NA,NA,NA,NA,NA,"NA"
"313","M24","plus_5","NA","NA","NA","NA","80","50","1","NA","NA","NA","NA","NA","NA",NA,NA,NA,NA,NA,NA,NA,NA,NA,NA,NA,"NA"
"314","M24","5to10","NA","NA","NA","NA","NA","NA","NA","NA","19","0","NA","NA","NA",NA,NA,NA,NA,NA,NA,NA,NA,NA,NA,NA,"NA"
"315","M24","plus_10","NA","NA","NA","NA","20","45","3","NA","NA","NA","NA","NA","NA",NA,NA,NA,NA,NA,NA,NA,NA,NA,NA,NA,"NA"
"316","BR15","minus_10","NA","NA","NA","NA","30","10","3","NA","NA","NA","6","0","JH",60,0,0,0,0,"0",0,16.5,2.8,19,2,"NA"
"317","BR15","10to5","NA","NA","NA","NA","NA","NA","NA","NA","4","0","NA","NA","NA",NA,NA,NA,NA,NA,NA,NA,NA,NA,NA,NA,"NA"
"318","BR15","minus_5","NA","NA","NA","NA","10","10","4","NA","NA","NA","NA","NA","NA",NA,NA,NA,NA,NA,NA,NA,NA,NA,NA,NA,"NA"
"319","BR15","5to0","NA","NA","NA","NA","NA","NA","NA","NA","6","1","NA","NA","NA",NA,NA,NA,NA,NA,NA,NA,NA,NA,NA,NA,"NA"
"320","BR15","zero","NA","NA","NA","NA","20","40","5","NA","NA","NA","NA","NA","NA",NA,NA,NA,NA,NA,NA,NA,NA,NA,NA,NA,"NA"
"321","BR15","0to5","NA","NA","NA","NA","NA","NA","NA","NA","7","1","NA","NA","NA",NA,NA,NA,NA,NA,NA,NA,NA,NA,NA,NA,"NA"
"322","BR15","plus_5","NA","NA","NA","NA","10","5","2","NA","NA","NA","NA","NA","NA",NA,NA,NA,NA,NA,NA,NA,NA,NA,NA,NA,"NA"
"323","BR15","5to10","NA","NA","NA","NA","NA","NA","NA","NA","4","0","NA","NA","NA",NA,NA,NA,NA,NA,NA,NA,NA,NA,NA,NA,"NA"
"324","BR15","plus_10","NA","NA","NA","NA","10","20","0","NA","NA","NA","NA","NA","NA",NA,NA,NA,NA,NA,NA,NA,NA,NA,NA,NA,"NA"
"325","BR22","minus_10","NA","NA","NA","NA","95","10","1","NA","NA","NA","NA","2","JBB",NA,0,0,0,0,"0",0,50.5,1.6,32,2,"NA"
"326","BR22","10to5","NA","NA","NA","NA","NA","NA","NA","NA","11","1","NA","NA","NA",NA,NA,NA,NA,NA,NA,NA,NA,NA,NA,NA,"NA"
"327","BR22","minus_5","NA","NA","NA","NA","10","10","1","NA","NA","NA","NA","NA","NA",NA,NA,NA,NA,NA,NA,NA,NA,NA,NA,NA,"NA"
"328","BR22","5to0","NA","NA","NA","NA","NA","NA","NA","NA","5","0","NA","NA","NA",NA,NA,NA,NA,NA,NA,NA,NA,NA,NA,NA,"NA"
"329","BR22","zero","NA","NA","NA","NA","70","20","1","NA","NA","NA","NA","NA","NA",NA,NA,NA,NA,NA,NA,NA,NA,NA,NA,NA,"NA"
"330","BR22","0to5","NA","NA","NA","NA","NA","NA","NA","NA","7","0","NA","NA","NA",NA,NA,NA,NA,NA,NA,NA,NA,NA,NA,NA,"NA"
"331","BR22","plus_5","NA","NA","NA","NA","75","40","2","NA","NA","NA","NA","NA","NA",NA,NA,NA,NA,NA,NA,NA,NA,NA,NA,NA,"NA"
"332","BR22","5to10","NA","NA","NA","NA","NA","NA","NA","NA","11","1","NA","NA","NA",NA,NA,NA,NA,NA,NA,NA,NA,NA,NA,NA,"NA"
"333","BR22","plus_10","NA","NA","NA","NA","95","80","3","NA","NA","NA","NA","NA","NA",NA,NA,NA,NA,NA,NA,NA,NA,NA,NA,NA,"NA"
"334","BR12","minus_10","NA","NA","NA","NA","30","20","1","NA","NA","NA","NA","2","JH",NA,0,0,0,0,"0",0,47,1.8,24,0,"NA"
"335","BR12","10to5","NA","NA","NA","NA","NA","NA","NA","NA","7","0","NA","NA","NA",NA,NA,NA,NA,NA,NA,NA,NA,NA,NA,NA,"NA"
"336","BR12","minus_5","NA","NA","NA","NA","40","20","1","NA","NA","NA","NA","NA","NA",NA,NA,NA,NA,NA,NA,NA,NA,NA,NA,NA,"NA"
"337","BR12","5to0","NA","NA","NA","NA","NA","NA","NA","NA","10","0","NA","NA","NA",NA,NA,NA,NA,NA,NA,NA,NA,NA,NA,NA,"NA"
"338","BR12","zero","NA","NA","NA","NA","80","20","1","NA","NA","NA","NA","NA","NA",NA,NA,NA,NA,NA,NA,NA,NA,NA,NA,NA,"NA"
"339","BR12","0to5","NA","NA","NA","NA","NA","NA","NA","NA","3","0","NA","NA","NA",NA,NA,NA,NA,NA,NA,NA,NA,NA,NA,NA,"NA"
"340","BR12","plus_5","NA","NA","NA","NA","90","60","3","NA","NA","NA","NA","NA","NA",NA,NA,NA,NA,NA,NA,NA,NA,NA,NA,NA,"NA"
"341","BR12","5to10","NA","NA","NA","NA","NA","NA","NA","NA","4","0","NA","NA","NA",NA,NA,NA,NA,NA,NA,NA,NA,NA,NA,NA,"NA"
"342","BR12","plus_10","NA","NA","NA","NA","80","30","3","NA","NA","NA","NA","NA","NA",NA,NA,NA,NA,NA,NA,NA,NA,NA,NA,NA,"NA"
"343","M30","minus_10","NA","NA","NA","NA","2","3","3","NA","NA","NA","10","1","JBB",100,0,0,0,0,"0",0,1.7,2.8,62,7,"NA"
"344","M30","10to5","NA","NA","NA","NA","NA","NA","NA","NA","19","2","NA","NA","NA",NA,NA,NA,NA,NA,NA,NA,NA,NA,NA,NA,"NA"
"345","M30","minus_5","NA","NA","NA","NA","0","0","4","NA","NA","NA","NA","NA","NA",NA,NA,NA,NA,NA,NA,NA,NA,NA,NA,NA,"NA"
"346","M30","5to0","NA","NA","NA","NA","NA","NA","NA","NA","14","0","NA","NA","NA",NA,NA,NA,NA,NA,NA,NA,NA,NA,NA,NA,"NA"
"347","M30","zero","NA","NA","NA","NA","0","10","3","NA","NA","NA","NA","NA","NA",NA,NA,NA,NA,NA,NA,NA,NA,NA,NA,NA,"NA"
"348","M30","0to5","NA","NA","NA","NA","NA","NA","NA","NA","14","4","NA","NA","NA",NA,NA,NA,NA,NA,NA,NA,NA,NA,NA,NA,"NA"
"349","M30","plus_5","NA","NA","NA","NA","0","0","1","NA","NA","NA","NA","NA","NA",NA,NA,NA,NA,NA,NA,NA,NA,NA,NA,NA,"NA"
"350","M30","5to10","NA","NA","NA","NA","NA","NA","NA","NA","22","1","NA","NA","NA",NA,NA,NA,NA,NA,NA,NA,NA,NA,NA,NA,"NA"
"351","M30","plus_10","NA","NA","NA","NA","2","0","3","NA","NA","NA","NA","NA","NA",NA,NA,NA,NA,NA,NA,NA,NA,NA,NA,NA,"NA"
"352","M31","minus_10","NA","NA","NA","NA","0","0","3","NA","NA","NA","9","2","JBB",90,0,0,0,0,"0",0,2.4,3.8,54,6,"NA"
"353","M31","10to5","NA","NA","NA","NA","NA","NA","NA","NA","13","2","NA","NA","NA",NA,NA,NA,NA,NA,NA,NA,NA,NA,NA,NA,"NA"
"354","M31","minus_5","NA","NA","NA","NA","4","0","4","NA","NA","NA","NA","NA","NA",NA,NA,NA,NA,NA,NA,NA,NA,NA,NA,NA,"NA"
"355","M31","5to0","NA","NA","NA","NA","NA","NA","NA","NA","17","0","NA","NA","NA",NA,NA,NA,NA,NA,NA,NA,NA,NA,NA,NA,"NA"
"356","M31","zero","NA","NA","NA","NA","2","0","4","NA","NA","NA","NA","NA","NA",NA,NA,NA,NA,NA,NA,NA,NA,NA,NA,NA,"NA"
"357","M31","0to5","NA","NA","NA","NA","NA","NA","NA","NA","14","1","NA","NA","NA",NA,NA,NA,NA,NA,NA,NA,NA,NA,NA,NA,"NA"
"358","M31","plus_5","NA","NA","NA","NA","3","5","4","NA","NA","NA","NA","NA","NA",NA,NA,NA,NA,NA,NA,NA,NA,NA,NA,NA,"NA"
"359","M31","5to10","NA","NA","NA","NA","NA","NA","NA","NA","16","3","NA","NA","NA",NA,NA,NA,NA,NA,NA,NA,NA,NA,NA,NA,"NA"
"360","M31","plus_10","NA","NA","NA","NA","5","5","4","NA","NA","NA","NA","NA","NA",NA,NA,NA,NA,NA,NA,NA,NA,NA,NA,NA,"NA"
"361","BR20","minus_10","NA","NA","NA","NA","20","30","3","NA","NA","NA","5","6","GP",50,0,0,0,0,"0",0,18.1,2.4,60,8,"NA"
"362","BR20","10to5","NA","NA","NA","NA","NA","NA","NA","NA","11","2","NA","NA","NA",NA,NA,NA,NA,NA,NA,NA,NA,NA,NA,NA,"NA"
"363","BR20","minus_5","NA","NA","NA","NA","25","35","1","NA","NA","NA","NA","NA","NA",NA,NA,NA,NA,NA,NA,NA,NA,NA,NA,NA,"NA"
"364","BR20","5to0","NA","NA","NA","NA","NA","NA","NA","NA","12","0","NA","NA","NA",NA,NA,NA,NA,NA,NA,NA,NA,NA,NA,NA,"NA"
"365","BR20","zero","NA","NA","NA","NA","10","15","4","NA","NA","NA","NA","NA","NA",NA,NA,NA,NA,NA,NA,NA,NA,NA,NA,NA,"NA"
"366","BR20","0to5","NA","NA","NA","NA","NA","NA","NA","NA","20","3","NA","NA","NA",NA,NA,NA,NA,NA,NA,NA,NA,NA,NA,NA,"NA"
"367","BR20","plus_5","NA","NA","NA","NA","5","10","3","NA","NA","NA","NA","NA","NA",NA,NA,NA,NA,NA,NA,NA,NA,NA,NA,NA,"NA"
"368","BR20","5to10","NA","NA","NA","NA","NA","NA","NA","NA","25","3","NA","NA","NA",NA,NA,NA,NA,NA,NA,NA,NA,NA,NA,NA,"NA"
"369","BR20","plus_10","NA","NA","NA","NA","30","1","1","NA","NA","NA","NA","NA","NA",NA,NA,NA,NA,NA,NA,NA,NA,NA,NA,NA,"NA"
"370","BR21","minus_10","NA","NA","NA","NA","99","99","1","NA","NA","NA","10","2","GP",100,0,0,0,0,"0",0,88.7,1,33,6,"NA"
"371","BR21","10to5","NA","NA","NA","NA","NA","NA","NA","NA","3","0","NA","NA","NA",NA,NA,NA,NA,NA,NA,NA,NA,NA,NA,NA,"NA"
"372","BR21","minus_5","NA","NA","NA","NA","80","99","1","NA","NA","NA","NA","NA","NA",NA,NA,NA,NA,NA,NA,NA,NA,NA,NA,NA,"NA"
"373","BR21","5to0","NA","NA","NA","NA","NA","NA","NA","NA","11","1","NA","NA","NA",NA,NA,NA,NA,NA,NA,NA,NA,NA,NA,NA,"NA"
"374","BR21","zero","NA","NA","NA","NA","85","95","1","NA","NA","NA","NA","NA","NA",NA,NA,NA,NA,NA,NA,NA,NA,NA,NA,NA,"NA"
"375","BR21","0to5","NA","NA","NA","NA","NA","NA","NA","NA","15","3","NA","NA","NA",NA,NA,NA,NA,NA,NA,NA,NA,NA,NA,NA,"NA"
"376","BR21","plus_5","NA","NA","NA","NA","75","80","1","NA","NA","NA","NA","NA","NA",NA,NA,NA,NA,NA,NA,NA,NA,NA,NA,NA,"NA"
"377","BR21","5to10","NA","NA","NA","NA","NA","NA","NA","NA","10","2","NA","NA","NA",NA,NA,NA,NA,NA,NA,NA,NA,NA,NA,NA,"NA"
"378","BR21","plus_10","NA","NA","NA","NA","90","85","1","NA","NA","NA","NA","NA","NA",NA,NA,NA,NA,NA,NA,NA,NA,NA,NA,NA,"NA"
"379","M8","minus_10","NA","NA","NA","NA","2","3","4","NA","NA","NA","10","7","GB",100,0,0,0,0,"0",0,35.1,2,57,5,"NA"
"380","M8","10to5","NA","NA","NA","NA","NA","NA","NA","NA","16","1","NA","NA","NA",NA,NA,NA,NA,NA,NA,NA,NA,NA,NA,NA,"NA"
"381","M8","minus_5","NA","NA","NA","NA","15","40","2","NA","NA","NA","NA","NA","NA",NA,NA,NA,NA,NA,NA,NA,NA,NA,NA,NA,"NA"
"382","M8","5to0","NA","NA","NA","NA","NA","NA","NA","NA","17","1","NA","NA","NA",NA,NA,NA,NA,NA,NA,NA,NA,NA,NA,NA,"NA"
"383","M8","zero","NA","NA","NA","NA","1","80","1","NA","NA","NA","NA","NA","NA",NA,NA,NA,NA,NA,NA,NA,NA,NA,NA,NA,"NA"
"384","M8","0to5","NA","NA","NA","NA","NA","NA","NA","NA","7","1","NA","NA","NA",NA,NA,NA,NA,NA,NA,NA,NA,NA,NA,NA,"NA"
"385","M8","plus_5","NA","NA","NA","NA","85","20","1","NA","NA","NA","NA","NA","NA",NA,NA,NA,NA,NA,NA,NA,NA,NA,NA,NA,"NA"
"386","M8","5to10","NA","NA","NA","NA","NA","NA","NA","NA","22","2","NA","NA","NA",NA,NA,NA,NA,NA,NA,NA,NA,NA,NA,NA,"NA"
"387","M8","plus_10","NA","NA","NA","NA","90","15","2","NA","NA","NA","NA","NA","NA",NA,NA,NA,NA,NA,NA,NA,NA,NA,NA,NA,"NA"
"388","M26","minus_10","NA","NA","NA","NA","2","5","1","NA","NA","NA",NA,"10","GP",NA,0,0,0,0,"0",0,1.7,2.4,84,11,"NA"
"389","M26","10to5","NA","NA","NA","NA","NA","NA","NA","NA","22","1","NA","NA","NA",NA,NA,NA,NA,NA,NA,NA,NA,NA,NA,NA,"NA"
"390","M26","minus_5","NA","NA","NA","NA","5","2","2","NA","NA","NA","NA","NA","NA",NA,NA,NA,NA,NA,NA,NA,NA,NA,NA,NA,"NA"
"391","M26","5to0","NA","NA","NA","NA","NA","NA","NA","NA","16","3","NA","NA","NA",NA,NA,NA,NA,NA,NA,NA,NA,NA,NA,NA,"NA"
"392","M26","zero","NA","NA","NA","NA","0","1","3","NA","NA","NA","NA","NA","NA",NA,NA,NA,NA,NA,NA,NA,NA,NA,NA,NA,"NA"
"393","M26","0to5","NA","NA","NA","NA","NA","NA","NA","NA","29","3","NA","NA","NA",NA,NA,NA,NA,NA,NA,NA,NA,NA,NA,NA,"NA"
"394","M26","plus_5","NA","NA","NA","NA","0","0","3","NA","NA","NA","NA","NA","NA",NA,NA,NA,NA,NA,NA,NA,NA,NA,NA,NA,"NA"
"395","M26","5to10","NA","NA","NA","NA","NA","NA","NA","NA","28","4","NA","NA","NA",NA,NA,NA,NA,NA,NA,NA,NA,NA,NA,NA,"NA"
"396","M26","plus_10","NA","NA","NA","NA","2","0","3","NA","NA","NA","NA","NA","NA",NA,NA,NA,NA,NA,NA,NA,NA,NA,NA,NA,"NA"
"397","M7","minus_10","NA","NA","NA","NA","30","50","3","NA","NA","NA","4","0","JBB",40,0,0,0,0,"0",0,19.7,3.6,68,2,"NA"
"398","M7","10to5","NA","NA","NA","NA","NA","NA","NA","NA","24","0","NA","NA","NA",NA,NA,NA,NA,NA,NA,NA,NA,NA,NA,NA,"NA"
"399","M7","minus_5","NA","NA","NA","NA","5","15","4","NA","NA","NA","NA","NA","NA",NA,NA,NA,NA,NA,NA,NA,NA,NA,NA,NA,"NA"
"400","M7","5to0","NA","NA","NA","NA","NA","NA","NA","NA","13","0","NA","NA","NA",NA,NA,NA,NA,NA,NA,NA,NA,NA,NA,NA,"NA"
"401","M7","zero","NA","NA","NA","NA","10","5","4","NA","NA","NA","NA","NA","NA",NA,NA,NA,NA,NA,NA,NA,NA,NA,NA,NA,"NA"
"402","M7","0to5","NA","NA","NA","NA","NA","NA","NA","NA","21","2","NA","NA","NA",NA,NA,NA,NA,NA,NA,NA,NA,NA,NA,NA,"NA"
"403","M7","plus_5","NA","NA","NA","NA","20","10","4","NA","NA","NA","NA","NA","NA",NA,NA,NA,NA,NA,NA,NA,NA,NA,NA,NA,"NA"
"404","M7","5to10","NA","NA","NA","NA","NA","NA","NA","NA","12","0","NA","NA","NA",NA,NA,NA,NA,NA,NA,NA,NA,NA,NA,NA,"NA"
"405","M7","plus_10","NA","NA","NA","NA","40","12","3","NA","NA","NA","NA","NA","NA",NA,NA,NA,NA,NA,NA,NA,NA,NA,NA,NA,"NA"
"406","M9","minus_10","NA","NA","NA","NA","20","15","2","NA","NA","NA","4","0","GB",40,0,0,0,0,"0",0,41.3,2.4,81,12,"NA"
"407","M9","10to5","NA","NA","NA","NA","NA","NA","NA","NA","24","2","NA","NA","NA",NA,NA,NA,NA,NA,NA,NA,NA,NA,NA,NA,"NA"
"408","M9","minus_5","NA","NA","NA","NA","15","30","1","NA","NA","NA","NA","NA","NA",NA,NA,NA,NA,NA,NA,NA,NA,NA,NA,NA,"NA"
"409","M9","5to0","NA","NA","NA","NA","NA","NA","NA","NA","31","3","NA","NA","NA",NA,NA,NA,NA,NA,NA,NA,NA,NA,NA,NA,"NA"
"410","M9","zero","NA","NA","NA","NA","1","2","4","NA","NA","NA","NA","NA","NA",NA,NA,NA,NA,NA,NA,NA,NA,NA,NA,NA,"NA"
"411","M9","0to5","NA","NA","NA","NA","NA","NA","NA","NA","18","5","NA","NA","NA",NA,NA,NA,NA,NA,NA,NA,NA,NA,NA,NA,"NA"
"412","M9","plus_5","NA","NA","NA","NA","95","90","3","NA","NA","NA","NA","NA","NA",NA,NA,NA,NA,NA,NA,NA,NA,NA,NA,NA,"NA"
"413","M9","5to10","NA","NA","NA","NA","NA","NA","NA","NA","20","2","NA","NA","NA",NA,NA,NA,NA,NA,NA,NA,NA,NA,NA,NA,"NA"
"414","M9","plus_10","NA","NA","NA","NA","90","55","2","NA","NA","NA","NA","NA","NA",NA,NA,NA,NA,NA,NA,NA,NA,NA,NA,NA,"NA"
"415","BR29","minus_10","29","25","37","54","60","10","0","NA","NA","NA","NA","0","JT",NA,37.7,18.46,5.2,7.8,"11.96",16.224,19.5,1.8,36,3,"NA"
"416","BR29","10to5","NA","NA","NA","NA","NA","NA","NA","NA","5","0","NA","NA","NA",NA,NA,NA,NA,NA,NA,NA,NA,NA,NA,NA,"NA"
"417","BR29","minus_5","7","6","37","21","40","30","1","NA","NA","NA","NA","NA","NA",NA,NA,NA,NA,NA,NA,NA,NA,NA,NA,NA,"NA"
"418","BR29","5to0","NA","NA","NA","NA","NA","NA","NA","NA","17","2","NA","NA","NA",NA,NA,NA,NA,NA,NA,NA,NA,NA,NA,NA,"NA"
"419","BR29","zero","4","6","3","7","5","20","3","NA","NA","NA","NA","NA","NA",NA,NA,NA,NA,NA,NA,NA,NA,NA,NA,NA,"NA"
"420","BR29","0to5","NA","NA","NA","NA","NA","NA","NA","NA","11","1","NA","NA","NA",NA,NA,NA,NA,NA,NA,NA,NA,NA,NA,NA,"NA"
"421","BR29","plus_5","10","4","12","4","10","5","3","NA","NA","NA","NA","NA","NA",NA,NA,NA,NA,NA,NA,NA,NA,NA,NA,NA,"NA"
"422","BR29","5to10","NA","NA","NA","NA","NA","NA","NA","NA","6","0","NA","NA","NA",NA,NA,NA,NA,NA,NA,NA,NA,NA,NA,NA,"NA"
"423","BR29","plus_10","7","6","20","13","5","10","2","NA","NA","NA","NA","NA","NA",NA,NA,NA,NA,NA,NA,NA,NA,NA,NA,NA,"NA"
"424","BR30","minus_10","NA","NA","NA","NA","20","5","2","NA","NA","NA","NA","2","JT",NA,0,0,0,0,"0",0,26.2,1.8,32,1,"NA"
"425","BR30","10to5","NA","NA","NA","NA","NA","NA","NA","NA","7","0","NA","NA","NA",NA,NA,NA,NA,NA,NA,NA,NA,NA,NA,NA,"NA"
"426","BR30","minus_5","NA","NA","NA","NA","5","10","3","NA","NA","NA","NA","NA","NA",NA,NA,NA,NA,NA,NA,NA,NA,NA,NA,NA,"NA"
"427","BR30","5to0","NA","NA","NA","NA","NA","NA","NA","NA","9","0","NA","NA","NA",NA,NA,NA,NA,NA,NA,NA,NA,NA,NA,NA,"NA"
"428","BR30","zero","NA","NA","NA","NA","40","50","2","NA","NA","NA","NA","NA","NA",NA,NA,NA,NA,NA,NA,NA,NA,NA,NA,NA,"NA"
"429","BR30","0to5","NA","NA","NA","NA","NA","NA","NA","NA","6","0","NA","NA","NA",NA,NA,NA,NA,NA,NA,NA,NA,NA,NA,NA,"NA"
"430","BR30","plus_5","NA","NA","NA","NA","2","90","1","NA","NA","NA","NA","NA","NA",NA,NA,NA,NA,NA,NA,NA,NA,NA,NA,NA,"NA"
"431","BR30","5to10","NA","NA","NA","NA","NA","NA","NA","NA","11","1","NA","NA","NA",NA,NA,NA,NA,NA,NA,NA,NA,NA,NA,NA,"NA"
"432","BR30","plus_10","NA","NA","NA","NA","30","10","1","NA","NA","NA","NA","NA","NA",NA,NA,NA,NA,NA,NA,NA,NA,NA,NA,NA,"NA"
"433","CY10","minus_10","NA","NA","NA","NA","20","20","1","NA","NA","NA","2","1","JH",20,0,0,0,0,"0",0,10.5,2.2,15,3,"NA"
"434","CY10","10to5","NA","NA","NA","NA","NA","NA","NA","NA","4","1","NA","NA","NA",NA,NA,NA,NA,NA,NA,NA,NA,NA,NA,NA,"NA"
"435","CY10","minus_5","NA","NA","NA","NA","0","0","3","NA","NA","NA","NA","NA","NA",NA,NA,NA,NA,NA,NA,NA,NA,NA,NA,NA,"NA"
"436","CY10","5to0","NA","NA","NA","NA","NA","NA","NA","NA","3","0","NA","NA","NA",NA,NA,NA,NA,NA,NA,NA,NA,NA,NA,NA,"NA"
"437","CY10","zero","NA","NA","NA","NA","5","20","4","NA","NA","NA","NA","NA","NA",NA,NA,NA,NA,NA,NA,NA,NA,NA,NA,NA,"NA"
"438","CY10","0to5","NA","NA","NA","NA","NA","NA","NA","NA","6","1","NA","NA","NA",NA,NA,NA,NA,NA,NA,NA,NA,NA,NA,NA,"NA"
"439","CY10","plus_5","NA","NA","NA","NA","10","20","2","NA","NA","NA","NA","NA","NA",NA,NA,NA,NA,NA,NA,NA,NA,NA,NA,NA,"NA"
"440","CY10","5to10","NA","NA","NA","NA","NA","NA","NA","NA","5","1","NA","NA","NA",NA,NA,NA,NA,NA,NA,NA,NA,NA,NA,NA,"NA"
"441","CY10","plus_10","NA","NA","NA","NA","5","5","1","NA","NA","NA","NA","NA","NA",NA,NA,NA,NA,NA,NA,NA,NA,NA,NA,NA,"NA"
"442","CY8","minus_10","NA","NA","NA","NA","100","80","2","NA","NA","NA","4","3","JH",40,0,0,0,0,"0",0,37.5,1.6,19,1,"NA"
"443","CY8","10to5","NA","NA","NA","NA","NA","NA","NA","NA","0","0","NA","NA","NA",NA,NA,NA,NA,NA,NA,NA,NA,NA,NA,NA,"NA"
"444","CY8","minus_5","NA","NA","NA","NA","80","60","0","NA","NA","NA","NA","NA","NA",NA,NA,NA,NA,NA,NA,NA,NA,NA,NA,NA,"NA"
"445","CY8","5to0","NA","NA","NA","NA","NA","NA","NA","NA","3","0","NA","NA","NA",NA,NA,NA,NA,NA,NA,NA,NA,NA,NA,NA,"NA"
"446","CY8","zero","NA","NA","NA","NA","30","10","4","NA","NA","NA","NA","NA","NA",NA,NA,NA,NA,NA,NA,NA,NA,NA,NA,NA,"NA"
"447","CY8","0to5","NA","NA","NA","NA","NA","NA","NA","NA","6","0","NA","NA","NA",NA,NA,NA,NA,NA,NA,NA,NA,NA,NA,NA,"NA"
"448","CY8","plus_5","NA","NA","NA","NA","0","0","1","NA","NA","NA","NA","NA","NA",NA,NA,NA,NA,NA,NA,NA,NA,NA,NA,NA,"NA"
"449","CY8","5to10","NA","NA","NA","NA","NA","NA","NA","NA","11","1","NA","NA","NA",NA,NA,NA,NA,NA,NA,NA,NA,NA,NA,NA,"NA"
"450","CY8","plus_10","NA","NA","NA","NA","10","5","1","NA","NA","NA","NA","NA","NA",NA,NA,NA,NA,NA,NA,NA,NA,NA,NA,NA,"NA"
"451","CY9","minus_10","NA","NA","NA","NA","5","5","2","NA","NA","NA","4","1","JH",40,0,0,0,0,"0",0,14,3.2,16,4,"NA"
"452","CY9","10to5","NA","NA","NA","NA","NA","NA","NA","NA","7","1","NA","NA","NA",NA,NA,NA,NA,NA,NA,NA,NA,NA,NA,NA,"NA"
"453","CY9","minus_5","NA","NA","NA","NA","40","50","3","NA","NA","NA","NA","NA","NA",NA,NA,NA,NA,NA,NA,NA,NA,NA,NA,NA,"NA"
"454","CY9","5to0","NA","NA","NA","NA","NA","NA","NA","NA","4","1","NA","NA","NA",NA,NA,NA,NA,NA,NA,NA,NA,NA,NA,NA,"NA"
"455","CY9","zero","NA","NA","NA","NA","20","5","4","NA","NA","NA","NA","NA","NA",NA,NA,NA,NA,NA,NA,NA,NA,NA,NA,NA,"NA"
"456","CY9","0to5","NA","NA","NA","NA","NA","NA","NA","NA","5","1","NA","NA","NA",NA,NA,NA,NA,NA,NA,NA,NA,NA,NA,NA,"NA"
"457","CY9","plus_5","NA","NA","NA","NA","5","10","3","NA","NA","NA","NA","NA","NA",NA,NA,NA,NA,NA,NA,NA,NA,NA,NA,NA,"NA"
"458","CY9","5to10","NA","NA","NA","NA","NA","NA","NA","NA","4","1","NA","NA","NA",NA,NA,NA,NA,NA,NA,NA,NA,NA,NA,NA,"NA"
"459","CY9","plus_10","NA","NA","NA","NA","0","0","4","NA","NA","NA","NA","NA","NA",NA,NA,NA,NA,NA,NA,NA,NA,NA,NA,NA,"NA"
"460","M17","minus_10","NA","NA","NA","NA","40","20","2","NA","NA","NA","NA","NA","JH",NA,0,0,0,0,"0",0,19,2.8,33,3,"NA"
"461","M17","10to5","NA","NA","NA","NA","NA","NA","NA","NA","15","0","NA","NA","NA",NA,NA,NA,NA,NA,NA,NA,NA,NA,NA,NA,"NA"
"462","M17","minus_5","NA","NA","NA","NA","10","0","4","NA","NA","NA","NA","NA","NA",NA,NA,NA,NA,NA,NA,NA,NA,NA,NA,NA,"NA"
"463","M17","5to0","NA","NA","NA","NA","NA","NA","NA","NA","7","1","NA","NA","NA",NA,NA,NA,NA,NA,NA,NA,NA,NA,NA,NA,"NA"
"464","M17","zero","NA","NA","NA","NA","0","20","4","NA","NA","NA","NA","NA","NA",NA,NA,NA,NA,NA,NA,NA,NA,NA,NA,NA,"NA"
"465","M17","0to5","NA","NA","NA","NA","NA","NA","NA","NA","8","2","NA","NA","NA",NA,NA,NA,NA,NA,NA,NA,NA,NA,NA,NA,"NA"
"466","M17","plus_5","NA","NA","NA","NA","10","0","3","NA","NA","NA","NA","NA","NA",NA,NA,NA,NA,NA,NA,NA,NA,NA,NA,NA,"NA"
"467","M17","5to10","NA","NA","NA","NA","NA","NA","NA","NA","6","0","NA","NA","NA",NA,NA,NA,NA,NA,NA,NA,NA,NA,NA,NA,"NA"
"468","M17","plus_10","NA","NA","NA","NA","80","10","1","NA","NA","NA","NA","NA","NA",NA,NA,NA,NA,NA,NA,NA,NA,NA,NA,NA,"NA"
"469","M14","minus_10","NA","NA","NA","NA","90","60","3","NA","NA","NA","NA","NA","JH",NA,0,0,0,0,"0",0,31,3.4,42,4,"NA"
"470","M14","10to5","NA","NA","NA","NA","NA","NA","NA","NA","12","0","NA","NA","NA",NA,NA,NA,NA,NA,NA,NA,NA,NA,NA,NA,"NA"
"471","M14","minus_5","NA","NA","NA","NA","20","10","3","NA","NA","NA","NA","NA","NA",NA,NA,NA,NA,NA,NA,NA,NA,NA,NA,NA,"NA"
"472","M14","5to0","NA","NA","NA","NA","NA","NA","NA","NA","10","1","NA","NA","NA",NA,NA,NA,NA,NA,NA,NA,NA,NA,NA,NA,"NA"
"473","M14","zero","NA","NA","NA","NA","20","10","4","NA","NA","NA","NA","NA","NA",NA,NA,NA,NA,NA,NA,NA,NA,NA,NA,NA,"NA"
"474","M14","0to5","NA","NA","NA","NA","NA","NA","NA","NA","14","2","NA","NA","NA",NA,NA,NA,NA,NA,NA,NA,NA,NA,NA,NA,"NA"
"475","M14","plus_5","NA","NA","NA","NA","40","10","3","NA","NA","NA","NA","NA","NA",NA,NA,NA,NA,NA,NA,NA,NA,NA,NA,NA,"NA"
"476","M14","5to10","NA","NA","NA","NA","NA","NA","NA","NA","10","1","NA","NA","NA",NA,NA,NA,NA,NA,NA,NA,NA,NA,NA,NA,"NA"
"477","M14","plus_10","NA","NA","NA","NA","40","10","4","NA","NA","NA","NA","NA","NA",NA,NA,NA,NA,NA,NA,NA,NA,NA,NA,NA,"NA"
"478","M15","minus_10","NA","NA","NA","NA","10","10","3","NA","NA","NA","NA","NA","JH",NA,0,0,0,0,"0",0,7,2.6,26,2,"NA"
"479","M15","10to5","NA","NA","NA","NA","NA","NA","NA","NA","9","1","NA","NA","NA",NA,NA,NA,NA,NA,NA,NA,NA,NA,NA,NA,"NA"
"480","M15","minus_5","NA","NA","NA","NA","20","10","3","NA","NA","NA","NA","NA","NA",NA,NA,NA,NA,NA,NA,NA,NA,NA,NA,NA,"NA"
"481","M15","5to0","NA","NA","NA","NA","NA","NA","NA","NA","8","0","NA","NA","NA",NA,NA,NA,NA,NA,NA,NA,NA,NA,NA,NA,"NA"
"482","M15","zero","NA","NA","NA","NA","0","10","3","NA","NA","NA","NA","NA","NA",NA,NA,NA,NA,NA,NA,NA,NA,NA,NA,NA,"NA"
"483","M15","0to5","NA","NA","NA","NA","NA","NA","NA","NA","6","1","NA","NA","NA",NA,NA,NA,NA,NA,NA,NA,NA,NA,NA,NA,"NA"
"484","M15","plus_5","NA","NA","NA","NA","0","10","2","NA","NA","NA","NA","NA","NA",NA,NA,NA,NA,NA,NA,NA,NA,NA,NA,NA,"NA"
"485","M15","5to10","NA","NA","NA","NA","NA","NA","NA","NA","5","0","NA","NA","NA",NA,NA,NA,NA,NA,NA,NA,NA,NA,NA,NA,"NA"
"486","M15","plus_10","NA","NA","NA","NA","0","0","2","NA","NA","NA","NA","NA","NA",NA,NA,NA,NA,NA,NA,NA,NA,NA,NA,NA,"NA"
"487","BR5","minus_10","NA","NA","NA","NA","80","75","3","NA","NA","NA","8","5","GP",80,0,0,0,0,"0",0,43.5,2,10,8,"NA"
"488","BR5","10to5","NA","NA","NA","NA","NA","NA","NA","NA","6","3","NA","NA","NA",NA,NA,NA,NA,NA,NA,NA,NA,NA,NA,NA,"NA"
"489","BR5","minus_5","NA","NA","NA","NA","50","45","1","NA","NA","NA","NA","NA","NA",NA,NA,NA,NA,NA,NA,NA,NA,NA,NA,NA,"NA"
"490","BR5","5to0","NA","NA","NA","NA","NA","NA","NA","NA","6","3","NA","NA","NA",NA,NA,NA,NA,NA,NA,NA,NA,NA,NA,NA,"NA"
"491","BR5","zero","NA","NA","NA","NA","25","5","1","NA","NA","NA","NA","NA","NA",NA,NA,NA,NA,NA,NA,NA,NA,NA,NA,NA,"NA"
"492","BR5","0to5","NA","NA","NA","NA","NA","NA","NA","NA","5","2","NA","NA","NA",NA,NA,NA,NA,NA,NA,NA,NA,NA,NA,NA,"NA"
"493","BR5","plus_5","NA","NA","NA","NA","30","35","3","NA","NA","NA","NA","NA","NA",NA,NA,NA,NA,NA,NA,NA,NA,NA,NA,NA,"NA"
"494","BR5","5to10","NA","NA","NA","NA","NA","NA","NA","NA","1","0","NA","NA","NA",NA,NA,NA,NA,NA,NA,NA,NA,NA,NA,NA,"NA"
"495","BR5","plus_10","NA","NA","NA","NA","80","10","2","NA","NA","NA","NA","NA","NA",NA,NA,NA,NA,NA,NA,NA,NA,NA,NA,NA,"NA"
"496","BR6","minus_10","NA","NA","NA","NA","95","98","1","NA","NA","NA","5","0","JBB",50,0,0,0,0,"0",0,81,1.6,30,0,"NA"
"497","BR6","10to5","NA","NA","NA","NA","NA","NA","NA","NA","9","0","NA","NA","NA",NA,NA,NA,NA,NA,NA,NA,NA,NA,NA,NA,"NA"
"498","BR6","minus_5","NA","NA","NA","NA","85","98","1","NA","NA","NA","NA","NA","NA",NA,NA,NA,NA,NA,NA,NA,NA,NA,NA,NA,"NA"
"499","BR6","5to0","NA","NA","NA","NA","NA","NA","NA","NA","5","0","NA","NA","NA",NA,NA,NA,NA,NA,NA,NA,NA,NA,NA,NA,"NA"
"500","BR6","zero","NA","NA","NA","NA","50","55","2","NA","NA","NA","NA","NA","NA",NA,NA,NA,NA,NA,NA,NA,NA,NA,NA,NA,"NA"
"501","BR6","0to5","NA","NA","NA","NA","NA","NA","NA","NA","5","0","NA","NA","NA",NA,NA,NA,NA,NA,NA,NA,NA,NA,NA,NA,"NA"
"502","BR6","plus_5","NA","NA","NA","NA","80","90","2","NA","NA","NA","NA","NA","NA",NA,NA,NA,NA,NA,NA,NA,NA,NA,NA,NA,"NA"
"503","BR6","5to10","NA","NA","NA","NA","NA","NA","NA","NA","11","0","NA","NA","NA",NA,NA,NA,NA,NA,NA,NA,NA,NA,NA,NA,"NA"
"504","BR6","plus_10","NA","NA","NA","NA","99","60","2","NA","NA","NA","NA","NA","NA",NA,NA,NA,NA,NA,NA,NA,NA,NA,NA,NA,"NA"
"505","CY13","minus_10","NA","NA","NA","NA","10","30","1","NA","NA","NA","10","2","APB",100,0,0,0,0,"0",0,16.2,2,69,10,"NA"
"506","CY13","10to5","NA","NA","NA","NA","NA","NA","NA","NA","25","3","NA","NA","NA",NA,NA,NA,NA,NA,NA,NA,NA,NA,NA,NA,"NA"
"507","CY13","minus_5","NA","NA","NA","NA","25","5","3","NA","NA","NA","NA","NA","NA",NA,NA,NA,NA,NA,NA,NA,NA,NA,NA,NA,"NA"
"508","CY13","5to0","NA","NA","NA","NA","NA","NA","NA","NA","22","1","NA","NA","NA",NA,NA,NA,NA,NA,NA,NA,NA,NA,NA,NA,"NA"
"509","CY13","zero","NA","NA","NA","NA","30","20","3","NA","NA","NA","NA","NA","NA",NA,NA,NA,NA,NA,NA,NA,NA,NA,NA,NA,"NA"
"510","CY13","0to5","NA","NA","NA","NA","NA","NA","NA","NA","15","2","NA","NA","NA",NA,NA,NA,NA,NA,NA,NA,NA,NA,NA,NA,"NA"
"511","CY13","plus_5","NA","NA","NA","NA","20","10","2","NA","NA","NA","NA","NA","NA",NA,NA,NA,NA,NA,NA,NA,NA,NA,NA,NA,"NA"
"512","CY13","5to10","NA","NA","NA","NA","NA","NA","NA","NA","17","4","NA","NA","NA",NA,NA,NA,NA,NA,NA,NA,NA,NA,NA,NA,"NA"
"513","CY13","plus_10","NA","NA","NA","NA","2","10","1","NA","NA","NA","NA","NA","NA",NA,NA,NA,NA,NA,NA,NA,NA,NA,NA,NA,"NA"
"514","CY1","minus_10","NA","NA","NA","NA","5","5","4","NA","NA","NA","3","2","JH",30,0,0,0,0,"0",0,5.5,2.8,23,3,"NA"
"515","CY1","10to5","NA","NA","NA","NA","NA","NA","NA","NA","6","2","NA","NA","NA",NA,NA,NA,NA,NA,NA,NA,NA,NA,NA,NA,"NA"
"516","CY1","minus_5","NA","NA","NA","NA","5","5","4","NA","NA","NA","NA","NA","NA",NA,NA,NA,NA,NA,NA,NA,NA,NA,NA,NA,"NA"
"517","CY1","5to0","NA","NA","NA","NA","NA","NA","NA","NA","8","0","NA","NA","NA",NA,NA,NA,NA,NA,NA,NA,NA,NA,NA,NA,"NA"
"518","CY1","zero","NA","NA","NA","NA","5","10","2","NA","NA","NA","NA","NA","NA",NA,NA,NA,NA,NA,NA,NA,NA,NA,NA,NA,"NA"
"519","CY1","0to5","NA","NA","NA","NA","NA","NA","NA","NA","7","0","NA","NA","NA",NA,NA,NA,NA,NA,NA,NA,NA,NA,NA,NA,"NA"
"520","CY1","plus_5","NA","NA","NA","NA","0","5","2","NA","NA","NA","NA","NA","NA",NA,NA,NA,NA,NA,NA,NA,NA,NA,NA,NA,"NA"
"521","CY1","5to10","NA","NA","NA","NA","NA","NA","NA","NA","5","1","NA","NA","NA",NA,NA,NA,NA,NA,NA,NA,NA,NA,NA,NA,"NA"
"522","CY1","plus_10","NA","NA","NA","NA","10","5","2","NA","NA","NA","NA","NA","NA",NA,NA,NA,NA,NA,NA,NA,NA,NA,NA,NA,"NA"
"523","CY2","minus_10","NA","NA","NA","NA","5","10","3","NA","NA","NA","6","NA","JH",60,0,0,0,0,"0",0,11,2.4,23,3,"NA"
"524","CY2","10to5","NA","NA","NA","NA","NA","NA","NA","NA","7","1","NA","NA","NA",NA,NA,NA,NA,NA,NA,NA,NA,NA,NA,NA,"NA"
"525","CY2","minus_5","NA","NA","NA","NA","5","10","2","NA","NA","NA","NA","NA","NA",NA,NA,NA,NA,NA,NA,NA,NA,NA,NA,NA,"NA"
"526","CY2","5to0","NA","NA","NA","NA","NA","NA","NA","NA","6","2","NA","NA","NA",NA,NA,NA,NA,NA,NA,NA,NA,NA,NA,NA,"NA"
"527","CY2","zero","NA","NA","NA","NA","0","0","2","NA","NA","NA","NA","NA","NA",NA,NA,NA,NA,NA,NA,NA,NA,NA,NA,NA,"NA"
"528","CY2","0to5","NA","NA","NA","NA","NA","NA","NA","NA","7","0","NA","NA","NA",NA,NA,NA,NA,NA,NA,NA,NA,NA,NA,NA,"NA"
"529","CY2","plus_5","NA","NA","NA","NA","5","5","2","NA","NA","NA","NA","NA","NA",NA,NA,NA,NA,NA,NA,NA,NA,NA,NA,NA,"NA"
"530","CY2","5to10","NA","NA","NA","NA","NA","NA","NA","NA","6","0","NA","NA","NA",NA,NA,NA,NA,NA,NA,NA,NA,NA,NA,NA,"NA"
"531","CY2","plus_10","NA","NA","NA","NA","30","40","3","NA","NA","NA","NA","NA","NA",NA,NA,NA,NA,NA,NA,NA,NA,NA,NA,NA,"NA"
"532","CY3","minus_10","NA","NA","NA","NA","5","5","2","NA","NA","NA","7","2","JH",70,0,0,0,0,"0",0,4.5,2.8,19,4,"NA"
"533","CY3","10to5","NA","NA","NA","NA","NA","NA","NA","NA","5","2","NA","NA","NA",NA,NA,NA,NA,NA,NA,NA,NA,NA,NA,NA,"NA"
"534","CY3","minus_5","NA","NA","NA","NA","5","5","3","NA","NA","NA","NA","NA","NA",NA,NA,NA,NA,NA,NA,NA,NA,NA,NA,NA,"NA"
"535","CY3","5to0","NA","NA","NA","NA","NA","NA","NA","NA","5","0","NA","NA","NA",NA,NA,NA,NA,NA,NA,NA,NA,NA,NA,NA,"NA"
"536","CY3","zero","NA","NA","NA","NA","0","0","2","NA","NA","NA","NA","NA","NA",NA,NA,NA,NA,NA,NA,NA,NA,NA,NA,NA,"NA"
"537","CY3","0to5","NA","NA","NA","NA","NA","NA","NA","NA","6","2","NA","NA","NA",NA,NA,NA,NA,NA,NA,NA,NA,NA,NA,NA,"NA"
"538","CY3","plus_5","NA","NA","NA","NA","10","5","3","NA","NA","NA","NA","NA","NA",NA,NA,NA,NA,NA,NA,NA,NA,NA,NA,NA,"NA"
"539","CY3","5to10","NA","NA","NA","NA","NA","NA","NA","NA","7","0","NA","NA","NA",NA,NA,NA,NA,NA,NA,NA,NA,NA,NA,NA,"NA"
"540","CY3","plus_10","NA","NA","NA","NA","10","0","4","NA","NA","NA","NA","NA","NA",NA,NA,NA,NA,NA,NA,NA,NA,NA,NA,NA,"NA"
"541","BR16","minus_10","NA","NA","NA","NA","40","40","1","NA","NA","NA","5","3","JH",50,0,0,0,0,"0",0,35.5,1.8,10,0,"NA"
"542","BR16","10to5","NA","NA","NA","NA","NA","NA","NA","NA","2","0","NA","NA","NA",NA,NA,NA,NA,NA,NA,NA,NA,NA,NA,NA,"NA"
"543","BR16","minus_5","NA","NA","NA","NA","80","30","2","NA","NA","NA","NA","NA","NA",NA,NA,NA,NA,NA,NA,NA,NA,NA,NA,NA,"NA"
"544","BR16","5to0","NA","NA","NA","NA","NA","NA","NA","NA","3","0","NA","NA","NA",NA,NA,NA,NA,NA,NA,NA,NA,NA,NA,NA,"NA"
"545","BR16","zero","NA","NA","NA","NA","20","5","4","NA","NA","NA","NA","NA","NA",NA,NA,NA,NA,NA,NA,NA,NA,NA,NA,NA,"NA"
"546","BR16","0to5","NA","NA","NA","NA","NA","NA","NA","NA","5","0","NA","NA","NA",NA,NA,NA,NA,NA,NA,NA,NA,NA,NA,NA,"NA"
"547","BR16","plus_5","NA","NA","NA","NA","20","60","1","NA","NA","NA","NA","NA","NA",NA,NA,NA,NA,NA,NA,NA,NA,NA,NA,NA,"NA"
"548","BR16","5to10","NA","NA","NA","NA","NA","NA","NA","NA","0","0","NA","NA","NA",NA,NA,NA,NA,NA,NA,NA,NA,NA,NA,NA,"NA"
"549","BR16","plus_10","NA","NA","NA","NA","30","30","1","NA","NA","NA","NA","NA","NA",NA,NA,NA,NA,NA,NA,NA,NA,NA,NA,NA,"NA"
"550","BR18","minus_10","NA","NA","NA","NA","10","70","2","NA","NA","NA","5","1","JH",50,0,0,0,0,"0",0,49,2.6,17,0,"NA"
"551","BR18","10to5","NA","NA","NA","NA","NA","NA","NA","NA","3","0","NA","NA","NA",NA,NA,NA,NA,NA,NA,NA,NA,NA,NA,NA,"NA"
"552","BR18","minus_5","NA","NA","NA","NA","90","90","1","NA","NA","NA","NA","NA","NA",NA,NA,NA,NA,NA,NA,NA,NA,NA,NA,NA,"NA"
"553","BR18","5to0","NA","NA","NA","NA","NA","NA","NA","NA","5","0","NA","NA","NA",NA,NA,NA,NA,NA,NA,NA,NA,NA,NA,NA,"NA"
"554","BR18","zero","NA","NA","NA","NA","60","20","3","NA","NA","NA","NA","NA","NA",NA,NA,NA,NA,NA,NA,NA,NA,NA,NA,NA,"NA"
"555","BR18","0to5","NA","NA","NA","NA","NA","NA","NA","NA","2","0","NA","NA","NA",NA,NA,NA,NA,NA,NA,NA,NA,NA,NA,NA,"NA"
"556","BR18","plus_5","NA","NA","NA","NA","30","60","3","NA","NA","NA","NA","NA","NA",NA,NA,NA,NA,NA,NA,NA,NA,NA,NA,NA,"NA"
"557","BR18","5to10","NA","NA","NA","NA","NA","NA","NA","NA","7","0","NA","NA","NA",NA,NA,NA,NA,NA,NA,NA,NA,NA,NA,NA,"NA"
"558","BR18","plus_10","NA","NA","NA","NA","40","20","4","NA","NA","NA","NA","NA","NA",NA,NA,NA,NA,NA,NA,NA,NA,NA,NA,NA,"NA"
"559","M19","minus_10","NA","NA","NA","NA","30","45","3","NA","NA","NA","7","5","GP",70,0,0,0,0,"0",0,11.8,2,10,7,"NA"
"560","M19","10to5","NA","NA","NA","NA","NA","NA","NA","NA","6","4","NA","NA","NA",NA,NA,NA,NA,NA,NA,NA,NA,NA,NA,NA,"NA"
"561","M19","minus_5","NA","NA","NA","NA","2","5","2","NA","NA","NA","NA","NA","NA",NA,NA,NA,NA,NA,NA,NA,NA,NA,NA,NA,"NA"
"562","M19","5to0","NA","NA","NA","NA","NA","NA","NA","NA","6","2","NA","NA","NA",NA,NA,NA,NA,NA,NA,NA,NA,NA,NA,NA,"NA"
"563","M19","zero","NA","NA","NA","NA","2","1","1","NA","NA","NA","NA","NA","NA",NA,NA,NA,NA,NA,NA,NA,NA,NA,NA,NA,"NA"
"564","M19","0to5","NA","NA","NA","NA","NA","NA","NA","NA","2","1","NA","NA","NA",NA,NA,NA,NA,NA,NA,NA,NA,NA,NA,NA,"NA"
"565","M19","plus_5","NA","NA","NA","NA","2","1","2","NA","NA","NA","NA","NA","NA",NA,NA,NA,NA,NA,NA,NA,NA,NA,NA,NA,"NA"
"566","M19","5to10","NA","NA","NA","NA","NA","NA","NA","NA","3","0","NA","NA","NA",NA,NA,NA,NA,NA,NA,NA,NA,NA,NA,NA,"NA"
"567","M19","plus_10","NA","NA","NA","NA","20","10","2","NA","NA","NA","NA","NA","NA",NA,NA,NA,NA,NA,NA,NA,NA,NA,NA,NA,"NA"
"568","M21","minus_10","NA","NA","NA","NA","1","5","2","NA","NA","NA","NA","7","GP",NA,0,0,0,0,"0",0,3,2.4,7,7,"NA"
"569","M21","10to5","NA","NA","NA","NA","NA","NA","NA","NA","1","0","NA","NA","NA",NA,NA,NA,NA,NA,NA,NA,NA,NA,NA,NA,"NA"
"570","M21","minus_5","NA","NA","NA","NA","1","1","2","NA","NA","NA","NA","NA","NA",NA,NA,NA,NA,NA,NA,NA,NA,NA,NA,NA,"NA"
"571","M21","5to0","NA","NA","NA","NA","NA","NA","NA","NA","5","3","NA","NA","NA",NA,NA,NA,NA,NA,NA,NA,NA,NA,NA,NA,"NA"
"572","M21","zero","NA","NA","NA","NA","2","1","3","NA","NA","NA","NA","NA","NA",NA,NA,NA,NA,NA,NA,NA,NA,NA,NA,NA,"NA"
"573","M21","0to5","NA","NA","NA","NA","NA","NA","NA","NA","3","2","NA","NA","NA",NA,NA,NA,NA,NA,NA,NA,NA,NA,NA,NA,"NA"
"574","M21","plus_5","NA","NA","NA","NA","3","5","3","NA","NA","NA","NA","NA","NA",NA,NA,NA,NA,NA,NA,NA,NA,NA,NA,NA,"NA"
"575","M21","5to10","NA","NA","NA","NA","NA","NA","NA","NA","5","2","NA","NA","NA",NA,NA,NA,NA,NA,NA,NA,NA,NA,NA,NA,"NA"
"576","M21","plus_10","NA","NA","NA","NA","1","10","2","NA","NA","NA","NA","NA","NA",NA,NA,NA,NA,NA,NA,NA,NA,NA,NA,NA,"NA"
"577","CY6","minus_10","NA","NA","NA","NA","0","0","1","NA","NA","NA","12","4","GP",120,0,0,0,0,"0",0,0.3,1.4,77,10,"NA"
"578","CY6","10to5","NA","NA","NA","NA","NA","NA","NA","NA","25","3","NA","NA","NA",NA,NA,NA,NA,NA,NA,NA,NA,NA,NA,NA,"NA"
"579","CY6","minus_5","NA","NA","NA","NA","0","2","2","NA","NA","NA","NA","NA","NA",NA,NA,NA,NA,NA,NA,NA,NA,NA,NA,NA,"NA"
"580","CY6","5to0","NA","NA","NA","NA","NA","NA","NA","NA","20","2","NA","NA","NA",NA,NA,NA,NA,NA,NA,NA,NA,NA,NA,NA,"NA"
"581","CY6","zero","NA","NA","NA","NA","0","1","2","NA","NA","NA","NA","NA","NA",NA,NA,NA,NA,NA,NA,NA,NA,NA,NA,NA,"NA"
"582","CY6","0to5","NA","NA","NA","NA","NA","NA","NA","NA","20","4","NA","NA","NA",NA,NA,NA,NA,NA,NA,NA,NA,NA,NA,NA,"NA"
"583","CY6","plus_5","NA","NA","NA","NA","0","0","1","NA","NA","NA","NA","NA","NA",NA,NA,NA,NA,NA,NA,NA,NA,NA,NA,NA,"NA"
"584","CY6","5to10","NA","NA","NA","NA","NA","NA","NA","NA","22","1","NA","NA","NA",NA,NA,NA,NA,NA,NA,NA,NA,NA,NA,NA,"NA"
"585","CY6","plus_10","NA","NA","NA","NA","0","0","1","NA","NA","NA","NA","NA","NA",NA,NA,NA,NA,NA,NA,NA,NA,NA,NA,NA,"NA"
"586","CY7","minus_10","NA","NA","NA","NA","2","2","1","NA","NA","NA","16","10","GP",160,0,0,0,0,"0",0,0.5,1.6,62,14,"NA"
"587","CY7","10to5","NA","NA","NA","NA","NA","NA","NA","NA","23","3","NA","NA","NA",NA,NA,NA,NA,NA,NA,NA,NA,NA,NA,NA,"NA"
"588","CY7","minus_5","NA","NA","NA","NA","0","0","2","NA","NA","NA","NA","NA","NA",NA,NA,NA,NA,NA,NA,NA,NA,NA,NA,NA,"NA"
"589","CY7","5to0","NA","NA","NA","NA","NA","NA","NA","NA","18","5","NA","NA","NA",NA,NA,NA,NA,NA,NA,NA,NA,NA,NA,NA,"NA"
"590","CY7","zero","NA","NA","NA","NA","0","1","2","NA","NA","NA","NA","NA","NA",NA,NA,NA,NA,NA,NA,NA,NA,NA,NA,NA,"NA"
"591","CY7","0to5","NA","NA","NA","NA","NA","NA","NA","NA","14","1","NA","NA","NA",NA,NA,NA,NA,NA,NA,NA,NA,NA,NA,NA,"NA"
"592","CY7","plus_5","NA","NA","NA","NA","0","0","2","NA","NA","NA","NA","NA","NA",NA,NA,NA,NA,NA,NA,NA,NA,NA,NA,NA,"NA"
"593","CY7","5to10","NA","NA","NA","NA","NA","NA","NA","NA","21","5","NA","NA","NA",NA,NA,NA,NA,NA,NA,NA,NA,NA,NA,NA,"NA"
"594","CY7","plus_10","NA","NA","NA","NA","0","0","1","NA","NA","NA","NA","NA","NA",NA,NA,NA,NA,NA,NA,NA,NA,NA,NA,NA,"NA"
"595","CY4","minus_10","NA","NA","NA","NA","5","25","2","NA","NA","NA","15","10","GP",150,0,0,0,0,"0",0,9.8,2,29,8,"NA"
"596","CY4","10to5","NA","NA","NA","NA","NA","NA","NA","NA","4","3","NA","NA","NA",NA,NA,NA,NA,NA,NA,NA,NA,NA,NA,NA,"NA"
"597","CY4","minus_5","NA","NA","NA","NA","2","3","2","NA","NA","NA","NA","NA","NA",NA,NA,NA,NA,NA,NA,NA,NA,NA,NA,NA,"NA"
"598","CY4","5to0","NA","NA","NA","NA","NA","NA","NA","NA","15","2","NA","NA","NA",NA,NA,NA,NA,NA,NA,NA,NA,NA,NA,NA,"NA"
"599","CY4","zero","NA","NA","NA","NA","5","3","2","NA","NA","NA","NA","NA","NA",NA,NA,NA,NA,NA,NA,NA,NA,NA,NA,NA,"NA"
"600","CY4","0to5","NA","NA","NA","NA","NA","NA","NA","NA","15","1","NA","NA","NA",NA,NA,NA,NA,NA,NA,NA,NA,NA,NA,NA,"NA"
"601","CY4","plus_5","NA","NA","NA","NA","2","3","2","NA","NA","NA","NA","NA","NA",NA,NA,NA,NA,NA,NA,NA,NA,NA,NA,NA,"NA"
"602","CY4","5to10","NA","NA","NA","NA","NA","NA","NA","NA","3","2","NA","NA","NA",NA,NA,NA,NA,NA,NA,NA,NA,NA,NA,NA,"NA"
"603","CY4","plus_10","NA","NA","NA","NA","20","30","2","NA","NA","NA","NA","NA","NA",NA,NA,NA,NA,NA,NA,NA,NA,NA,NA,NA,"NA"
"604","CY5","minus_10","NA","NA","NA","NA","2","3","4","NA","NA","NA","19","0","GP",190,0,0,0,0,"0",0,1.8,3,93,2,"NA"
"605","CY5","10to5","NA","NA","NA","NA","NA","NA","NA","NA","26","1","NA","NA","NA",NA,NA,NA,NA,NA,NA,NA,NA,NA,NA,NA,"NA"
"606","CY5","minus_5","NA","NA","NA","NA","5","0","4","NA","NA","NA","NA","NA","NA",NA,NA,NA,NA,NA,NA,NA,NA,NA,NA,NA,"NA"
"607","CY5","5to0","NA","NA","NA","NA","NA","NA","NA","NA","22","0","NA","NA","NA",NA,NA,NA,NA,NA,NA,NA,NA,NA,NA,NA,"NA"
"608","CY5","zero","NA","NA","NA","NA","2","2","2","NA","NA","NA","NA","NA","NA",NA,NA,NA,NA,NA,NA,NA,NA,NA,NA,NA,"NA"
"609","CY5","0to5","NA","NA","NA","NA","NA","NA","NA","NA","23","1","NA","NA","NA",NA,NA,NA,NA,NA,NA,NA,NA,NA,NA,NA,"NA"
"610","CY5","plus_5","NA","NA","NA","NA","2","0","4","NA","NA","NA","NA","NA","NA",NA,NA,NA,NA,NA,NA,NA,NA,NA,NA,NA,"NA"
"611","CY5","5to10","NA","NA","NA","NA","NA","NA","NA","NA","24","0","NA","NA","NA",NA,NA,NA,NA,NA,NA,NA,NA,NA,NA,NA,"NA"
"612","CY5","plus_10","NA","NA","NA","NA","2","0","1","NA","NA","NA","NA","NA","NA",NA,NA,NA,NA,NA,NA,NA,NA,NA,NA,NA,"NA"
"613","BR17","minus_10","NA","NA","NA","NA","40","35","2","NA","NA","NA","NA","4","GP",NA,0,0,0,0,"0",0,19.5,2.8,2,9,"NA"
"614","BR17","10to5","NA","NA","NA","NA","NA","NA","NA","NA","3","2","NA","NA","NA",NA,NA,NA,NA,NA,NA,NA,NA,NA,NA,NA,"NA"
"615","BR17","minus_5","NA","NA","NA","NA","20","15","2","NA","NA","NA","NA","NA","NA",NA,NA,NA,NA,NA,NA,NA,NA,NA,NA,NA,"NA"
"616","BR17","5to0","NA","NA","NA","NA","NA","NA","NA","NA","1","1","NA","NA","NA",NA,NA,NA,NA,NA,NA,NA,NA,NA,NA,NA,"NA"
"617","BR17","zero","NA","NA","NA","NA","5","15","3","NA","NA","NA","NA","NA","NA",NA,NA,NA,NA,NA,NA,NA,NA,NA,NA,NA,"NA"
"618","BR17","0to5","NA","NA","NA","NA","NA","NA","NA","NA","5","4","NA","NA","NA",NA,NA,NA,NA,NA,NA,NA,NA,NA,NA,NA,"NA"
"619","BR17","plus_5","NA","NA","NA","NA","15","15","4","NA","NA","NA","NA","NA","NA",NA,NA,NA,NA,NA,NA,NA,NA,NA,NA,NA,"NA"
"620","BR17","5to10","NA","NA","NA","NA","NA","NA","NA","NA","2","2","NA","NA","NA",NA,NA,NA,NA,NA,NA,NA,NA,NA,NA,NA,"NA"
"621","BR17","plus_10","NA","NA","NA","NA","15","20","3","NA","NA","NA","NA","NA","NA",NA,NA,NA,NA,NA,NA,NA,NA,NA,NA,NA,"NA"
"622","BR19","minus_10","NA","NA","NA","NA","15","45","1","NA","NA","NA","5","3","GP",50,0,0,0,0,"0",0,25.6,1.6,12,4,"NA"
"623","BR19","10to5","NA","NA","NA","NA","NA","NA","NA","NA","0","0","NA","NA","NA",NA,NA,NA,NA,NA,NA,NA,NA,NA,NA,NA,"NA"
"624","BR19","minus_5","NA","NA","NA","NA","1","45","1","NA","NA","NA","NA","NA","NA",NA,NA,NA,NA,NA,NA,NA,NA,NA,NA,NA,"NA"
"625","BR19","5to0","NA","NA","NA","NA","NA","NA","NA","NA","7","2","NA","NA","NA",NA,NA,NA,NA,NA,NA,NA,NA,NA,NA,NA,"NA"
"626","BR19","zero","NA","NA","NA","NA","5","5","1","NA","NA","NA","NA","NA","NA",NA,NA,NA,NA,NA,NA,NA,NA,NA,NA,NA,"NA"
"627","BR19","0to5","NA","NA","NA","NA","NA","NA","NA","NA","8","1","NA","NA","NA",NA,NA,NA,NA,NA,NA,NA,NA,NA,NA,NA,"NA"
"628","BR19","plus_5","NA","NA","NA","NA","15","10","2","NA","NA","NA","NA","NA","NA",NA,NA,NA,NA,NA,NA,NA,NA,NA,NA,NA,"NA"
"629","BR19","5to10","NA","NA","NA","NA","NA","NA","NA","NA","1","1","NA","NA","NA",NA,NA,NA,NA,NA,NA,NA,NA,NA,NA,NA,"NA"
"630","BR19","plus_10","NA","NA","NA","NA","65","50","3","NA","NA","NA","NA","NA","NA",NA,NA,NA,NA,NA,NA,NA,NA,NA,NA,NA,"NA"
"631","M13","minus_10","NA","NA","NA","NA","25","30","1","NA","NA","NA","7","5","GP",70,0,0,0,0,"0",0,50,1.4,-2,6,"NA"
"632","M13","10to5","NA","NA","NA","NA","NA","NA","NA","NA","0","0","NA","NA","NA",NA,NA,NA,NA,NA,NA,NA,NA,NA,NA,NA,"NA"
"633","M13","minus_5","NA","NA","NA","NA","45","75","2","NA","NA","NA","NA","NA","NA",NA,NA,NA,NA,NA,NA,NA,NA,NA,NA,NA,"NA"
"634","M13","5to0","NA","NA","NA","NA","NA","NA","NA","NA","1","2","NA","NA","NA",NA,NA,NA,NA,NA,NA,NA,NA,NA,NA,NA,"NA"
"635","M13","zero","NA","NA","NA","NA","35","80","1","NA","NA","NA","NA","NA","NA",NA,NA,NA,NA,NA,NA,NA,NA,NA,NA,NA,"NA"
"636","M13","0to5","NA","NA","NA","NA","NA","NA","NA","NA","2","3","NA","NA","NA",NA,NA,NA,NA,NA,NA,NA,NA,NA,NA,NA,"NA"
"637","M13","plus_5","NA","NA","NA","NA","80","15","2","NA","NA","NA","NA","NA","NA",NA,NA,NA,NA,NA,NA,NA,NA,NA,NA,NA,"NA"
"638","M13","5to10","NA","NA","NA","NA","NA","NA","NA","NA","1","1","NA","NA","NA",NA,NA,NA,NA,NA,NA,NA,NA,NA,NA,NA,"NA"
"639","M13","plus_10","NA","NA","NA","NA","90","25","1","NA","NA","NA","NA","NA","NA",NA,NA,NA,NA,NA,NA,NA,NA,NA,NA,NA,"NA"
"640","M16","minus_10","NA","NA","NA","NA","20","25","1","NA","NA","NA","4","5","GP",40,0,0,0,0,"0",0,10.5,1.8,6,6,"NA"
"641","M16","10to5","NA","NA","NA","NA","NA","NA","NA","NA","4","3","NA","NA","NA",NA,NA,NA,NA,NA,NA,NA,NA,NA,NA,NA,"NA"
"642","M16","minus_5","NA","NA","NA","NA","5","10","3","NA","NA","NA","NA","NA","NA",NA,NA,NA,NA,NA,NA,NA,NA,NA,NA,NA,"NA"
"643","M16","5to0","NA","NA","NA","NA","NA","NA","NA","NA","5","1","NA","NA","NA",NA,NA,NA,NA,NA,NA,NA,NA,NA,NA,NA,"NA"
"644","M16","zero","NA","NA","NA","NA","5","5","2","NA","NA","NA","NA","NA","NA",NA,NA,NA,NA,NA,NA,NA,NA,NA,NA,NA,"NA"
"645","M16","0to5","NA","NA","NA","NA","NA","NA","NA","NA","2","1","NA","NA","NA",NA,NA,NA,NA,NA,NA,NA,NA,NA,NA,NA,"NA"
"646","M16","plus_5","NA","NA","NA","NA","15","10","2","NA","NA","NA","NA","NA","NA",NA,NA,NA,NA,NA,NA,NA,NA,NA,NA,NA,"NA"
"647","M16","5to10","NA","NA","NA","NA","NA","NA","NA","NA","1","1","NA","NA","NA",NA,NA,NA,NA,NA,NA,NA,NA,NA,NA,NA,"NA"
"648","M16","plus_10","NA","NA","NA","NA","5","5","1","NA","NA","NA","NA","NA","NA",NA,NA,NA,NA,NA,NA,NA,NA,NA,NA,NA,"NA"
